images,labels
a8ab965f868fc44c.jpg,healthy
a5d8924f7fad18a0.jpg,healthy
fab3f2b1c0d2a982.jpg,scab
d9b283cd98b19d13.jpg,scab
852979c129dde25d.jpg,frog_eye_leaf_spot
b76b84406eb75545.jpg,healthy
c1a972977e88b49c.jpg,complex
ba3457285a4655e7.jpg,scab
f2d5d2adc18c6986.jpg,scab
e0f996008ddabf0d.jpg,frog_eye_leaf_spot
bb2ad8e69a846699.jpg,healthy
c225cf8aba4eb952.jpg,healthy
bfc86719271047f1.jpg,scab
f5b1809b4c867c6e.jpg,healthy
9f1061a618f3fcc9.jpg,powdery_mildew
dab12ed9c1ce0ce1.jpg,frog_eye_leaf_spot
9742c28e983ef46b.jpg,scab frog_eye_leaf_spot
ca23cf4e3ce73430.jpg,scab
aa1620058fbfbcad.jpg,scab
c1b7659f9a9214d2.jpg,scab
a5a6c896c8d591fa.jpg,healthy
de27e42a4465a67c.jpg,rust
c037227490feddcc.jpg,scab
85613ea3387e9696.jpg,scab
beedc893a5b106c8.jpg,frog_eye_leaf_spot
8be8264e0dfce985.jpg,scab
85947d1e914af03f.jpg,rust
d4c367739964b80e.jpg,scab frog_eye_leaf_spot
af8743fa46a09c1d.jpg,healthy
e1de8cd263a05667.jpg,frog_eye_leaf_spot
f8acd0f20f077076.jpg,scab
fd7b82b8c3cf8180.jpg,complex
da44867e8f1e4768.jpg,healthy
8d97f883e8a4d34c.jpg,scab
fa9093959bab2057.jpg,powdery_mildew
b918d330cfd1e760.jpg,rust
de9811dfd8c91b22.jpg,scab
c5b244902fcf3f8c.jpg,frog_eye_leaf_spot
b92c45d624eb366c.jpg,scab
8bc8cb9dae2a1ab2.jpg,scab
e5f4d3e960ae5086.jpg,rust
c0c8cbbd163772d4.jpg,frog_eye_leaf_spot
92613acfe33c8b70.jpg,rust
8bc6b07f365e4318.jpg,complex
fc01c2dc8fa99de0.jpg,scab
f8c99e5c90314f2b.jpg,frog_eye_leaf_spot
c8c93c3462637abb.jpg,healthy
81e293df16992cb9.jpg,rust
b602d6e6487c3c9d.jpg,complex
b9c6d24bb05fc81c.jpg,healthy
92d85a6ba115dccd.jpg,healthy
f5d005bc38b365ca.jpg,frog_eye_leaf_spot
f637dec600ccc1a3.jpg,frog_eye_leaf_spot
a5495bea4b602d75.jpg,scab frog_eye_leaf_spot
bd6292864adbf44c.jpg,healthy
d53667c0acab2e89.jpg,scab
c5e4c69d861d2733.jpg,rust
af80b4d6560afa4d.jpg,healthy
d04dc3904bdba75a.jpg,frog_eye_leaf_spot
edeed03cca920c9a.jpg,frog_eye_leaf_spot
f541962d2ba2ad55.jpg,scab
dd96685aac299565.jpg,scab
92b7678eb031b329.jpg,healthy
91f0af891fa147ac.jpg,complex
abb0d5a9d4b4985c.jpg,rust
f6aa1ed16a420d8f.jpg,frog_eye_leaf_spot
c84bf573e0338327.jpg,scab
b5da1a85c9ad4a1d.jpg,scab
cf387a827031bc6e.jpg,complex
fc900b4d8bbd9551.jpg,scab
e08a8dc0efa6b267.jpg,healthy
ddb0c9670a277253.jpg,complex
8e858c8397706b7b.jpg,healthy
c395a195e171b369.jpg,rust
b95e8554924979e9.jpg,healthy
b7b4eaa08f912b89.jpg,frog_eye_leaf_spot
c47f69b34aa95609.jpg,scab
b8219f67d004f87e.jpg,scab frog_eye_leaf_spot complex
ed0778000fe5c7f2.jpg,healthy
9bd87d663711a2a1.jpg,frog_eye_leaf_spot
a55ec7744335e0a6.jpg,scab
a4435afc74563635.jpg,healthy
c2a0f402179f9cfe.jpg,scab frog_eye_leaf_spot
c56b342dd22b117b.jpg,frog_eye_leaf_spot
b05f82db0a733837.jpg,complex
ddf4b843459ea10d.jpg,powdery_mildew
c6c30af8bbe84db0.jpg,complex
fc4c52d0e8bae07c.jpg,scab
b5c0c2ea4bd48d57.jpg,healthy
d8b83090f9df0cdc.jpg,scab
9dfd78087ab4c2c4.jpg,scab
88723fc5719e69a8.jpg,rust
bcb1c1caf7562a12.jpg,healthy
f1bd1991c118fc47.jpg,rust
fe481335a91ec751.jpg,complex
be7a0ab468db6489.jpg,scab
b7cc0f91c0d9e9c8.jpg,healthy
a65f98117faa8466.jpg,frog_eye_leaf_spot
b286a56d493873d5.jpg,powdery_mildew
d470aa87969de159.jpg,frog_eye_leaf_spot
e2f9105769d0ab47.jpg,scab
caced5dc2b701938.jpg,scab
c04e0fa01efae6e3.jpg,frog_eye_leaf_spot
f29cc6dba8071617.jpg,frog_eye_leaf_spot
f18ed5c06fe02273.jpg,rust
f2e4ed29aa4a2d1a.jpg,healthy
c2ea42b4da3fe164.jpg,healthy
f9e88fec002472eb.jpg,frog_eye_leaf_spot complex
ccacf4d46451d2b9.jpg,frog_eye_leaf_spot
d51d24818a4f5f5e.jpg,rust
a58fcff8101661e3.jpg,healthy
efb104bd072e3d84.jpg,healthy
b3bdc27aaae0bc04.jpg,scab
aeb146794ca5d28b.jpg,healthy
a381e182876f3dd6.jpg,healthy
fded80c09f8f3828.jpg,scab frog_eye_leaf_spot
f5a0c58d8edd2859.jpg,rust
b8be26f097c1602f.jpg,scab
f59ac9d9792261c8.jpg,complex
a19bc89dce03f1b2.jpg,frog_eye_leaf_spot
f7b4c12a7e3d2884.jpg,frog_eye_leaf_spot
f1accd9ac1d94ac1.jpg,frog_eye_leaf_spot
d24d24f0f81a37e3.jpg,scab
fd5356434f43c419.jpg,scab
881f26e8d4df548d.jpg,rust
8f25c66ceb2cf094.jpg,scab
e04185a3df974fd0.jpg,healthy
c25f935d59616b06.jpg,frog_eye_leaf_spot
f2f80752d53f1d40.jpg,frog_eye_leaf_spot
cdb123e1c18cfde0.jpg,scab
aed5de9548126c69.jpg,healthy
ab3c2fc4341d70e5.jpg,scab
f82794f604f9a519.jpg,scab
85b37b284f8ec22b.jpg,frog_eye_leaf_spot
ddea65f621132a51.jpg,healthy
fffb900a92289a33.jpg,healthy
e8da8b2d65741693.jpg,scab
80bf2381975655d7.jpg,scab
cfaa317b0243fc68.jpg,frog_eye_leaf_spot
e9f512ba1a75c2d0.jpg,frog_eye_leaf_spot
afda1a9a140eb555.jpg,scab
d5ea77958a3b8830.jpg,scab
c92ca6e72bede110.jpg,frog_eye_leaf_spot
869460d69dc547cf.jpg,frog_eye_leaf_spot
ccb152972a7a6555.jpg,frog_eye_leaf_spot complex
af8e37785ae2a0c1.jpg,frog_eye_leaf_spot
af55875c5e685a03.jpg,healthy
aa6a97960f9037e4.jpg,frog_eye_leaf_spot complex
8a4772d191dcd969.jpg,frog_eye_leaf_spot
e7ecc583d571d202.jpg,rust
e19ecb5e89f41851.jpg,healthy
d7b0640edccba869.jpg,complex
8f8b2fd5a038d760.jpg,frog_eye_leaf_spot
c91fb33e1dc024cb.jpg,complex
8aa1674fda23c14f.jpg,healthy
981e3ee7c21b7191.jpg,powdery_mildew
d359c824f6ac02df.jpg,scab
b78dc1d9dda30350.jpg,rust complex
fce486fe3a202f24.jpg,frog_eye_leaf_spot
f5ad808b9f367070.jpg,healthy
848a5a93c3f9696d.jpg,scab frog_eye_leaf_spot
84f26d8b126fe3a8.jpg,healthy
c377302f39c6615c.jpg,healthy
b0b7a010cf62efe1.jpg,scab
fbc483ae483edc90.jpg,powdery_mildew complex
d53c876e954300fe.jpg,scab
a393d36b6534325a.jpg,healthy
b2de96165a27a1e2.jpg,healthy
839f36383b70463e.jpg,healthy
eca213dbcb84a794.jpg,frog_eye_leaf_spot complex
d13a2389670b0f6f.jpg,frog_eye_leaf_spot
d1bc99ca2f01e61b.jpg,healthy
c4f46ee06dc6c29c.jpg,powdery_mildew
9ef52b2fe0c4944a.jpg,rust
ec60fc9fc1c11bc1.jpg,scab frog_eye_leaf_spot complex
d1763e1e03e7db00.jpg,frog_eye_leaf_spot
a7593f958aae1605.jpg,scab
cc85f50c7f18d68c.jpg,healthy
f1e2837839593a8e.jpg,frog_eye_leaf_spot
c6f0b5d058be29d8.jpg,scab
f5a03ef22707858e.jpg,rust
afc035817c09cfab.jpg,complex
96ba4ad986a24c7d.jpg,healthy
ccb37741278f85a2.jpg,rust
a5f190a2c9d374f4.jpg,frog_eye_leaf_spot
c8d544ddaa682bd5.jpg,scab
bc43d0289bf09fe8.jpg,scab
9db7219eaa13db01.jpg,scab
839b6a7a21adaf14.jpg,frog_eye_leaf_spot
ccd33ad8e5818a4f.jpg,healthy
f081d86c337cbb25.jpg,frog_eye_leaf_spot
f5ec9eb058923293.jpg,healthy
afaadbc1ca44ad22.jpg,frog_eye_leaf_spot
a4f0c283879e92fe.jpg,healthy
f86c97703b376098.jpg,complex
c5fd3e99703ad110.jpg,healthy
989f07228ef6c13b.jpg,complex
b7f6e2c2801f2a35.jpg,complex
eb17d7a05019b58b.jpg,frog_eye_leaf_spot
b061c397878e89eb.jpg,powdery_mildew
d63e2dc3a0395a6a.jpg,healthy
84a271e27b99f81d.jpg,frog_eye_leaf_spot
a0e0f878aba7265d.jpg,scab
8cf8c19c78b735c2.jpg,rust
a8f260c397b796c2.jpg,rust
a0e0c3f71d0738de.jpg,healthy
ffe4c0e905dd088e.jpg,healthy
de85e0a587f0fc28.jpg,frog_eye_leaf_spot
edb585a4ced6130a.jpg,scab frog_eye_leaf_spot
92878c3d6c99a9cb.jpg,healthy
f565c69a38d9a123.jpg,complex
d5fd2180c1c1fda3.jpg,healthy
c9d1f0330bbdc4e1.jpg,scab
e895d470eae348ab.jpg,scab
a4d71aa9157ab856.jpg,healthy
ebc9819893fc12d6.jpg,complex
f1f15bcbe19086c4.jpg,scab
fff2e1c1e70300f0.jpg,frog_eye_leaf_spot
f48bb89795a01df0.jpg,frog_eye_leaf_spot
e1c5fafb48fcc100.jpg,healthy
c04bb370935d9b69.jpg,frog_eye_leaf_spot
8f456733d83cc836.jpg,healthy
93a1d1d6e69a7451.jpg,healthy
ae5e95b459830a6b.jpg,rust
bc62cd122f6dd2b0.jpg,rust
c3609be138c7f196.jpg,frog_eye_leaf_spot
fd85cdd0930e3338.jpg,healthy
c0f487a36dc35c87.jpg,healthy
86f93a009dbf8d85.jpg,frog_eye_leaf_spot
b5df930140e43797.jpg,healthy
f3a7adb096e00b8a.jpg,healthy
ada4ea8875751a36.jpg,healthy
e89bc56d1f0c6968.jpg,rust
de7c3b823ec0198d.jpg,frog_eye_leaf_spot
a74dd2368989af32.jpg,frog_eye_leaf_spot
f78f879c8068b8d2.jpg,healthy
eeb185a3859636c6.jpg,healthy
f610d8adc9c207fa.jpg,healthy
c0ed358b268d719d.jpg,scab
a6b6f6cae4394189.jpg,healthy
c9ac3ca74cd15356.jpg,frog_eye_leaf_spot
b751039556ba4c4f.jpg,powdery_mildew
aa4694deaf305587.jpg,healthy
9724da92ed49a28f.jpg,rust
99f3639158699cd8.jpg,rust
a5f868c91c3dab52.jpg,scab frog_eye_leaf_spot
fd2795399450ae4a.jpg,frog_eye_leaf_spot
9f946a2a2d38d5b4.jpg,powdery_mildew
d72482b49f346ad6.jpg,healthy
a7c9981fcfb090cc.jpg,healthy
d60739c70fe03a3c.jpg,scab
833c97cd34eb4526.jpg,healthy
f06b9e3c89335531.jpg,scab
96a738204ddf9cd1.jpg,healthy
fb3ff1824d4d4421.jpg,healthy
8df767cb72448990.jpg,scab
c1e3f343646c1f58.jpg,scab
c40d651be6b19f45.jpg,frog_eye_leaf_spot
f4b49e82c9d2459d.jpg,frog_eye_leaf_spot
93c23783c34bcb6a.jpg,healthy
c24f36360fc78fa0.jpg,complex
eeca70a9a115563b.jpg,frog_eye_leaf_spot
f886d282f99a419f.jpg,healthy
90f97e1ee0261b27.jpg,rust
f7a1d4d84ad00df2.jpg,powdery_mildew
80b4b62f1232e6fb.jpg,frog_eye_leaf_spot
b27f843e5f30084f.jpg,powdery_mildew
c5bdf631d514a982.jpg,scab
94e947373a5423cb.jpg,healthy
fd8a223fc232e8f0.jpg,scab frog_eye_leaf_spot
d5e72937db898007.jpg,powdery_mildew
d0e6d04fe727258a.jpg,scab frog_eye_leaf_spot
96806be4dfba20ad.jpg,scab
90bd638f9c32656c.jpg,scab
84f56fda39453a24.jpg,healthy
adc483b3eab562a1.jpg,powdery_mildew
96e0ec34d056d38f.jpg,scab
bdb3662d1a9c21c6.jpg,frog_eye_leaf_spot
df8e2c4741c6cdc4.jpg,scab
cdadd296136e960a.jpg,frog_eye_leaf_spot
c35f38ed36c023e2.jpg,scab
cfb49f159454b04b.jpg,scab
b3f5b7cb8281160e.jpg,rust
9a1462ce99fa117e.jpg,scab
c6e3f29803fc462d.jpg,powdery_mildew
a59cc38ec50ee05f.jpg,scab
d17aaf619c914a1b.jpg,frog_eye_leaf_spot
a040ab7279d5aa9f.jpg,healthy
afe393958b913063.jpg,scab
f8f420cf5b80d3f0.jpg,scab
a0dfc03dc63a1e4e.jpg,complex
8c87c6d58cb99c71.jpg,healthy
f819f4581ff21b03.jpg,frog_eye_leaf_spot
c0d17fd8d78460f4.jpg,frog_eye_leaf_spot
cc7825d823eb87ca.jpg,healthy
ea31e0d14a13ee9d.jpg,scab frog_eye_leaf_spot complex
838397476a6b323d.jpg,rust
b77f89b095c05b84.jpg,complex
ede9cac2222b23b5.jpg,frog_eye_leaf_spot complex
c3e5f0d4d2b183a3.jpg,healthy
ffa894e489960ad6.jpg,healthy
d4d6afa93a319216.jpg,complex
9af86cc0e38dd156.jpg,complex
c723c79032ce37e4.jpg,healthy
bb1e4d683c97a44a.jpg,healthy
f61de78d9b402ad0.jpg,powdery_mildew complex
b52592c0e9b3f4d1.jpg,rust
c1fa2e8ab2d53a0e.jpg,healthy
e0c2cba4ec5a2e9d.jpg,healthy
d1d97b25a5c7502a.jpg,healthy
94e5c9cece4a14b3.jpg,frog_eye_leaf_spot
f5f4aac090e47569.jpg,scab
86a03f92fa1b585e.jpg,scab
f9011ffc0a4552af.jpg,powdery_mildew
d58710aa3ac2f7c6.jpg,scab
bc89c0038b979de7.jpg,complex
f6e966d382908ba9.jpg,scab
a875c39ed830e599.jpg,scab
f7fac28d94b14164.jpg,rust
96b436d49c489ead.jpg,scab
c6bc9352f4466627.jpg,healthy
f6966ff0022df00b.jpg,healthy
d7f4a5a998d84a43.jpg,healthy
f5b492f2cb673804.jpg,healthy
af69cc47f8661311.jpg,rust
fc9a81c01fce3e34.jpg,scab
a56dd542a9aaa9aa.jpg,healthy
d6cb480e9c3b4de4.jpg,healthy
ba6197f1d0956b42.jpg,scab
c5cfa16193c3993c.jpg,healthy
c93b263ac8e86793.jpg,scab
949a5daa9c697253.jpg,frog_eye_leaf_spot
fc910f70cbee3064.jpg,scab
f7a1d34b8903186f.jpg,healthy
bcd434c393207bf8.jpg,rust
afb59098888f55ce.jpg,frog_eye_leaf_spot
cdf43ac5238c53b8.jpg,scab frog_eye_leaf_spot
d34e9305e13c26be.jpg,powdery_mildew
fffc94e092a59086.jpg,rust
abad92d6588a58cb.jpg,healthy
a56edda4cc98a499.jpg,healthy
ad64f0858e9e74e1.jpg,complex
cfc37861638c9a99.jpg,scab
b4bb84dbbc8a18cc.jpg,healthy
b2b2364c3966c7d8.jpg,powdery_mildew
ad997b3cb2842762.jpg,powdery_mildew
8b3b3fa2f425a194.jpg,rust
831abdc76c05e23d.jpg,rust
a1ccdad316326f70.jpg,rust
c5d8aa7a7d0435c6.jpg,powdery_mildew
fe2f89368b14c455.jpg,complex
ea9aafe34521f01c.jpg,scab
c83b2dd123f827a9.jpg,frog_eye_leaf_spot
f5cb4a7832e1a13c.jpg,rust
e7a9d84a19ed5c11.jpg,scab
fef4d0928b8d6d04.jpg,scab
e13fd2d0c5602d67.jpg,complex
f49ac3b8c4b58972.jpg,rust frog_eye_leaf_spot
b72ab6402ad728f6.jpg,powdery_mildew
ee90c7ce1e566c48.jpg,powdery_mildew
b217c296cb82adf8.jpg,scab
c1a26174ac7c2e7d.jpg,scab
c10f784f61dc2f07.jpg,frog_eye_leaf_spot
e2f0e1f898b21f51.jpg,scab
b5cad2a88b903f93.jpg,healthy
f814a8c757cb7606.jpg,scab
f95e2fe11800c33f.jpg,healthy
ff282b2a033dace8.jpg,healthy
c5171f7a7ad05158.jpg,complex
f1e5d187e1999c0c.jpg,frog_eye_leaf_spot
c4e51ee01d484dfb.jpg,healthy
e497c6d09ad073b8.jpg,scab
a8fe9f432f452491.jpg,frog_eye_leaf_spot
d5795a2b9546a968.jpg,healthy
b9e2dd8769e442a1.jpg,frog_eye_leaf_spot
e8cd354ae3d083f2.jpg,scab frog_eye_leaf_spot
e5e1e1814e7f081f.jpg,complex
b8bd80f8b1c9e07c.jpg,healthy
f7f4970198cdf088.jpg,healthy
f2254d92d85073bd.jpg,scab
f5cc611fbae8e090.jpg,frog_eye_leaf_spot
bdeaa054ca1459fa.jpg,frog_eye_leaf_spot
957669b26a51b649.jpg,scab
d32492d3854abece.jpg,complex
d12e9d0ec41586ef.jpg,powdery_mildew
f59ec6c1c89ec350.jpg,healthy
c52725b3f27817c8.jpg,rust
ced3405f1e3c31a3.jpg,scab
88f0d0d5de89b5c5.jpg,healthy
86e38706a2bc5eae.jpg,frog_eye_leaf_spot
f9fec080fcc308f8.jpg,frog_eye_leaf_spot
c56170c02bdf57b1.jpg,scab
ddb460e3e792841e.jpg,frog_eye_leaf_spot
862e2ce22f046bfe.jpg,scab
cfb474cb96870986.jpg,scab
e174dffbc0c0006f.jpg,scab
f7329ace0b9528ca.jpg,frog_eye_leaf_spot
8dc88d0acfdda01f.jpg,frog_eye_leaf_spot
dac97436a8d5e291.jpg,healthy
c58039da54edd6a5.jpg,healthy
a445de268e524efa.jpg,scab
caf60ae4b84ab49d.jpg,frog_eye_leaf_spot
cd6b3d5a151bb508.jpg,scab
f6709c2f03f458cc.jpg,scab
8eb36e92741aae25.jpg,scab
d903386fdb02467b.jpg,rust
8110a4d859b7f8fe.jpg,frog_eye_leaf_spot
a4bc1bc398bbb0b8.jpg,healthy
de450fc62b9429d6.jpg,healthy
d41094cd6d2de7b4.jpg,scab
a1f89448e061bf7b.jpg,healthy
f4ccca47a4174f32.jpg,scab
e1e2d7969a2b432a.jpg,frog_eye_leaf_spot
92a91fd0b485fa9a.jpg,complex
a2b59583525fe938.jpg,healthy
b8e99c6ddd8d041c.jpg,scab
b9b0a30b63b6364e.jpg,scab
c0c73614ce4ee4ed.jpg,frog_eye_leaf_spot
bdcebe640a2409fa.jpg,healthy
b07af06ecde90f20.jpg,complex
ad0985c9d743dc56.jpg,healthy
a5f9cd281e1934ea.jpg,complex
ffd8921b143c03da.jpg,scab
e76ad6e5951d3081.jpg,frog_eye_leaf_spot
8e90bd50c7bac659.jpg,scab
febb92314d415c45.jpg,scab
de953624919e8277.jpg,scab
fa5e7484806a9fc5.jpg,rust
f468d79649cd700e.jpg,frog_eye_leaf_spot
ae9ad06d6ba13227.jpg,rust
f0d9cbc56d42301f.jpg,frog_eye_leaf_spot complex
d596b5d3d96a9c00.jpg,frog_eye_leaf_spot
805763bc63dc5ec8.jpg,healthy
a53fa25fc4e60c34.jpg,frog_eye_leaf_spot
b8a1949f1b3962f4.jpg,frog_eye_leaf_spot complex
f36c8f1a10d131be.jpg,healthy
9d9bb09c8b40db5a.jpg,healthy
e87581c9c9a9cdc5.jpg,rust
a1b7b18287e0ce5b.jpg,rust
d3e323c1d2393b61.jpg,scab
c0371be857ae29d8.jpg,healthy
b7bcca8ce84f5046.jpg,healthy
ddef7398c420e198.jpg,healthy
f4b098d8dadb4266.jpg,frog_eye_leaf_spot
dea8feb100041bfd.jpg,rust
fdd2d30b8f1c2861.jpg,healthy
8e98e20ace1abaeb.jpg,healthy
b6d2c384f10d2f96.jpg,frog_eye_leaf_spot
b2a6eb5f25a2a452.jpg,complex
f2c974c12fdfc042.jpg,frog_eye_leaf_spot
e05e96c2608acf3f.jpg,healthy
f8b8d97c1a1c12f1.jpg,healthy
96c8d2c5ef322f90.jpg,scab
ff78c07e00052f9b.jpg,complex
f3a9c2952de1a49c.jpg,healthy
fe4b7ec981d9c088.jpg,powdery_mildew
e545ff406d61a2b2.jpg,scab
d262d839de14ae3c.jpg,powdery_mildew complex
adce8b25fa455381.jpg,frog_eye_leaf_spot
b4a1e947ce2d1e54.jpg,complex
edb3c41a16d83363.jpg,healthy
dc4edc25c882e55b.jpg,rust
e4386ac65f4f81c6.jpg,frog_eye_leaf_spot
ac4995f982d6ed12.jpg,frog_eye_leaf_spot
e9818f3e68409fdc.jpg,healthy
accad4eb4a749b12.jpg,frog_eye_leaf_spot
9cb395dc678b6580.jpg,powdery_mildew
cfab0f2531c35147.jpg,healthy
8baada949b911177.jpg,healthy
b62b8aac7955650e.jpg,frog_eye_leaf_spot
e58fca87d438185e.jpg,scab
dcb1e7938748362c.jpg,frog_eye_leaf_spot
f164d3ab4dd57440.jpg,scab frog_eye_leaf_spot
c494d8c73614e6be.jpg,frog_eye_leaf_spot
af87e4c505c315f1.jpg,scab frog_eye_leaf_spot
819e38358d32cf2f.jpg,healthy
adb6d6e1030fc683.jpg,healthy
95964822033e7ff9.jpg,scab
831436bf0e15e5e9.jpg,frog_eye_leaf_spot
cfd8b10083af536e.jpg,scab
bcd27b8e43638616.jpg,scab
8e9863c49b63c747.jpg,scab
9f833a4ac2b91f31.jpg,rust
f01dc0f06cc27e5b.jpg,healthy
e8b3a4c8438d2f75.jpg,scab
ed93a0fa560e6531.jpg,rust
9d0f6e60819f9a5a.jpg,healthy
dadf63b0b00fd148.jpg,complex
bd0d5dc10c52e27e.jpg,frog_eye_leaf_spot
9fd12addd42ac28a.jpg,powdery_mildew
b5351da6a69c464b.jpg,rust
c8d2da9a82c6e3ad.jpg,healthy
c4ef976cb1ca304a.jpg,frog_eye_leaf_spot
972a35d6612af545.jpg,frog_eye_leaf_spot
abc090edba00fdbc.jpg,healthy
91c96585162ed6fc.jpg,complex
a7f642858e4ada47.jpg,scab
ecc13507413766d7.jpg,healthy
cae9ed81baab014e.jpg,frog_eye_leaf_spot
ee9d9e52a8311789.jpg,complex
9cbe21bb0960e3e5.jpg,scab
f148c6fc0e71fa50.jpg,scab
a8bdb5d25a2d803d.jpg,rust
fa9ad2b09dd554c0.jpg,complex
ad65b56714849da5.jpg,rust
b0c7d3440cff909b.jpg,frog_eye_leaf_spot
a9a5a1bd53482be9.jpg,scab
aa3a9ac8c8d6bd4a.jpg,frog_eye_leaf_spot
cbbe69103dca270b.jpg,scab
aa6ad395fc197205.jpg,healthy
82ba3e933947b097.jpg,rust complex
8e8e96c59a6a01fd.jpg,scab
a5a597a6ea6c6149.jpg,scab
adb4d2a0d2d7a2ca.jpg,healthy
94d0737b69af105c.jpg,scab
fc9685e0b9634743.jpg,healthy
c64c69f0bb8b146b.jpg,rust
875c92dbc8a17de0.jpg,scab
a5ea2185ca87d787.jpg,healthy
f57533ba04e2c385.jpg,powdery_mildew
ae94877a8d699c64.jpg,healthy
b1d45e61e03c7e0e.jpg,healthy
8feed8d130af2258.jpg,complex
95b67eca9af82061.jpg,scab
d29d372369954d49.jpg,frog_eye_leaf_spot
e84fd50dca289b78.jpg,scab frog_eye_leaf_spot
9fa216cff54a0a54.jpg,complex
84da4422ffc73b62.jpg,scab
82d374898fc57d70.jpg,scab
b703c3ff59b84103.jpg,complex
c8dbfc38dce23a04.jpg,scab
c9ad6e343217f1a2.jpg,scab frog_eye_leaf_spot complex
d2fa9bc8891db8c2.jpg,frog_eye_leaf_spot
aa73556daa1056cd.jpg,healthy
cca63aca25bc0abd.jpg,scab
d8f89f83075d2626.jpg,frog_eye_leaf_spot
f96a47e1af870485.jpg,scab
95ab605785feb0a4.jpg,scab
f249c6b8c915e996.jpg,healthy
c3976ee664e640e1.jpg,scab frog_eye_leaf_spot complex
98e1c84ad8bbc19f.jpg,scab
e19137d68ed68c38.jpg,rust
a4b17595b24a5a2f.jpg,rust frog_eye_leaf_spot
8382e784dfe6c836.jpg,complex
f8f40ffda042e2d0.jpg,healthy
96ca813667359acd.jpg,frog_eye_leaf_spot
b0dae5b54d186d70.jpg,scab frog_eye_leaf_spot
c34b6ae4259ebcc8.jpg,scab
9090b5d5aba53cd3.jpg,complex
e89199c9e16f6632.jpg,complex
c9623b03e270e7f1.jpg,scab
f0d2d273d2139e83.jpg,healthy
bcac96de604b6525.jpg,healthy
e481cfb71adc21b8.jpg,complex
9a4b9bf1544567c4.jpg,healthy
f7bac4c1c99292c3.jpg,frog_eye_leaf_spot
aff0a76188e71d82.jpg,frog_eye_leaf_spot
dc258c789d4f709c.jpg,scab
8222954dabf46ad7.jpg,complex
c38f7e0565f40696.jpg,scab
f69942d8212d31ef.jpg,complex
fcff07c6e0c0cc03.jpg,healthy
def0c5838e2238f5.jpg,rust
e84582f6bc64b1b5.jpg,scab
a3e7d4c651aa40f5.jpg,healthy
92b02f6978bca92d.jpg,rust
9de59a9c27c148d3.jpg,healthy
c79230f2a207ff86.jpg,scab frog_eye_leaf_spot complex
f8b3c153c2032ecf.jpg,frog_eye_leaf_spot
82b4b4c47c2e92bf.jpg,complex
957937d1b22092eb.jpg,scab
a093c189b9cbd47e.jpg,healthy
90f2654c2acfdb85.jpg,scab
fde2cb07ca0fe410.jpg,rust
868779dc928db4b8.jpg,scab
d4d8c2f98c81dcd5.jpg,frog_eye_leaf_spot
e2e241d5f3eb081e.jpg,scab
c0316d80d27de3fc.jpg,healthy
d1b3551f793ca10a.jpg,scab
812b87c3326c97bb.jpg,rust
ca9c77dc51a08cec.jpg,frog_eye_leaf_spot
dcf0620fdf545a84.jpg,scab frog_eye_leaf_spot
c0368d6668ff209f.jpg,healthy
c5339e87235c6ac5.jpg,rust
85338f9de9893253.jpg,healthy
c5df20c07bc15bc9.jpg,frog_eye_leaf_spot complex
a4f5c8f70c8169bc.jpg,scab frog_eye_leaf_spot
cb45d69292979a2b.jpg,scab
b5b5d28ac29a7a92.jpg,frog_eye_leaf_spot
e5a2d2cb351d3664.jpg,scab frog_eye_leaf_spot
e9d59435817c6ae4.jpg,frog_eye_leaf_spot
c2962bcc8933e673.jpg,complex
c1d03ec86a65ecb6.jpg,frog_eye_leaf_spot
d7eb25339214c539.jpg,frog_eye_leaf_spot
a77c35e0f885c03b.jpg,complex
bf35949388caa99c.jpg,scab
fda5d2ae5b240d30.jpg,complex
b8ac82edcd8d6c4a.jpg,healthy
b49f538f08a6c87c.jpg,rust
e63ab47a94411ced.jpg,healthy
837449e974cb39c5.jpg,rust
b23434724e9bd4cb.jpg,powdery_mildew
fa11c22147def38a.jpg,powdery_mildew
a4ff469c871cc2d4.jpg,scab frog_eye_leaf_spot complex
c022cfc6e3ab955a.jpg,rust
916551e58ba47c3e.jpg,scab
e5ead0a9381c3de2.jpg,scab
f0acae838cc5e4c7.jpg,scab
b0e88695693aa55f.jpg,healthy
aad446ea8bfe0ec0.jpg,healthy
d0806bfbf9452693.jpg,powdery_mildew
883fc03fd4239baa.jpg,scab
9486786676e26f1c.jpg,frog_eye_leaf_spot
fca6c3960d5c7816.jpg,powdery_mildew
aa6c36e28683cbcb.jpg,rust
9d6e997acc886586.jpg,complex
f0b23475d54585e9.jpg,healthy
d089da86d685bd27.jpg,scab
daeb2fc49405972a.jpg,frog_eye_leaf_spot
e1ac996d0bb364d1.jpg,complex
f253ade231990f98.jpg,frog_eye_leaf_spot
b5bfdcda1d182150.jpg,healthy
e0e2dad2c8df4d88.jpg,complex
f3be87f18047382c.jpg,frog_eye_leaf_spot
e8a5c7c5fcc52590.jpg,healthy
d1e000973ef4f8f8.jpg,scab
db62c5d826d912ad.jpg,complex
81a38b724bf23e93.jpg,scab
bdb5f66202366073.jpg,frog_eye_leaf_spot
f0d0c3a0cdb1f6e8.jpg,frog_eye_leaf_spot
eea5c057c20ec69e.jpg,healthy
aa2c92c0d05fb9af.jpg,scab
fc8d8d29251d16ae.jpg,healthy
d5fc6fe9a1386600.jpg,frog_eye_leaf_spot
f0b4c3452f56227e.jpg,frog_eye_leaf_spot
d29f01cd9db24c35.jpg,frog_eye_leaf_spot
bc5889064dabe72d.jpg,scab frog_eye_leaf_spot
8a2d598f2ec436e6.jpg,powdery_mildew
9fad869f21b5b240.jpg,rust complex
ca994a3acd5bd451.jpg,frog_eye_leaf_spot complex
97c237d7885ae905.jpg,scab
fd69d03083db1bc8.jpg,healthy
924c6573e599e346.jpg,scab
f4b8c881ff488736.jpg,healthy
c19bf6662e64d544.jpg,scab
f64cee29902be721.jpg,rust
ea809c3a5aef2aa5.jpg,complex
91d3e995d261839e.jpg,powdery_mildew
a7ebeb6bc3410514.jpg,healthy
cdb4bb34924c23e9.jpg,healthy
e10fd27ccb710935.jpg,frog_eye_leaf_spot
909d9bf73e609684.jpg,healthy
fd54c08e1c29697b.jpg,healthy
91c1c5332a73bad9.jpg,frog_eye_leaf_spot
f1eac3e0c507191f.jpg,frog_eye_leaf_spot
ade5ca1a34993167.jpg,scab frog_eye_leaf_spot
d6f40940d86f4b7a.jpg,frog_eye_leaf_spot
cf9d3fc3e12806b0.jpg,powdery_mildew complex
b8e3c09db7cc10d6.jpg,healthy
d28f6360b6986b69.jpg,scab
d8e5159ec2f8cd84.jpg,scab
ae00d5a2e1563efc.jpg,rust
8f137ee1d4f01a58.jpg,healthy
c37b84d2dcc22e4d.jpg,healthy
f46982528f52ca5f.jpg,healthy
f02883d609affb8a.jpg,scab
ac91325ad94f5ac5.jpg,scab
eab0c097af879d44.jpg,scab
fa23d4574a525c4b.jpg,rust
d70a7439323065f7.jpg,scab
eff18c3836c55483.jpg,rust
dcc0c38eafa4a719.jpg,complex
cfa934dfe7420283.jpg,frog_eye_leaf_spot
e112d42b1fe2eab4.jpg,scab
e8a2f75e316689a4.jpg,frog_eye_leaf_spot
d7e52ca23ac0b8cd.jpg,frog_eye_leaf_spot
940c1a0b47bee1fd.jpg,scab
a5f965c6c88e099e.jpg,frog_eye_leaf_spot
f083d29eb9fe6024.jpg,healthy
c44bdb39929363ac.jpg,healthy
eaa4c0c2cf438f2f.jpg,rust
e8e4dc2e122273f6.jpg,rust frog_eye_leaf_spot
d6842f96f23e0b2c.jpg,scab
d86989dacd862cae.jpg,healthy
e8b8e4da073f170c.jpg,healthy
ffd3430f2fcd4080.jpg,healthy
a5ea56d35a0f5550.jpg,complex
baf0d7c0ca1fdd00.jpg,complex
c2df3edb221037b0.jpg,scab
a552ea11c58fcd6c.jpg,healthy
a5ce9f9c808fd494.jpg,complex
986f50a4ae50753f.jpg,healthy
b2e6c70f8cb91c85.jpg,complex
b53281013fef3c8e.jpg,scab
f43ccf82c94ec3a1.jpg,healthy
a4f2950a78bc3a76.jpg,powdery_mildew
858539cb724fa8b6.jpg,rust
ab29d1b5859a17d4.jpg,scab
dc14ca65a3825b3f.jpg,healthy
fd9e91c4844352bb.jpg,rust
c8db70c393366ee0.jpg,scab
9eb077ce92292c2e.jpg,scab
d8e0323af4c6274f.jpg,powdery_mildew
bc13a56b5ad648e2.jpg,healthy
f795c38ada87450a.jpg,healthy
f4b3cb8f305c1a23.jpg,scab
a0786f831db76269.jpg,scab frog_eye_leaf_spot complex
b0c5cfa5ad23445e.jpg,complex
9062169acbcddd4e.jpg,frog_eye_leaf_spot
af63d2078b1b568c.jpg,scab
94c17e96c19b0dae.jpg,scab
9fcd0929d22d3353.jpg,healthy
feeacab409b2a053.jpg,healthy
b8e5c2828d92bf47.jpg,scab
e2ce934fa3a65443.jpg,rust
d4bb3c3598ecb148.jpg,healthy
a159c0d37fca6a2a.jpg,frog_eye_leaf_spot
f1a68d7834a33b62.jpg,powdery_mildew
bf3dc7309a233047.jpg,scab
ff38378920ba812f.jpg,powdery_mildew
bd88d392ef883274.jpg,healthy
85ad3a9551d768ca.jpg,frog_eye_leaf_spot
dfe2326255b17870.jpg,healthy
dcd4fee92e816052.jpg,rust frog_eye_leaf_spot
e7c014d28786d1fe.jpg,scab frog_eye_leaf_spot
fd85d086cfaa4a58.jpg,scab
8ca723999d1f634c.jpg,rust frog_eye_leaf_spot
81c97ef498cc87c3.jpg,rust
ceaf6d073c0bd700.jpg,rust
ddb1da81d9c901d5.jpg,healthy
ad908e7989ec6536.jpg,healthy
fd4dc9ccc20427ea.jpg,healthy
a3bb604d8a55995d.jpg,complex
f40a426e473f8eaa.jpg,scab
a0a5d7fac2e1a8a6.jpg,frog_eye_leaf_spot
a9a5d54a0c2d0ebf.jpg,scab
e8709a2eb1d8e70d.jpg,complex
9cbe2fc23d4d041e.jpg,scab
b4b1f967c1158b91.jpg,rust
cd8facf8e0616135.jpg,complex
d23648cf298d36f4.jpg,healthy
e1b9cdf8344194d5.jpg,healthy
d6a497ac9e4d424d.jpg,healthy
fcab851182f196b5.jpg,frog_eye_leaf_spot
f29828ab517e7652.jpg,powdery_mildew
bcf7e3a724088cd4.jpg,rust
a857f057f08ade81.jpg,healthy
8ce23594509fe8bd.jpg,scab frog_eye_leaf_spot
f1d095cfd58d20a5.jpg,scab
94a0c0e703eeaf37.jpg,scab frog_eye_leaf_spot
a4a3f85b8fc390b8.jpg,healthy
b02d61293d7f28e9.jpg,scab frog_eye_leaf_spot
bdfb41d1f9a28070.jpg,healthy
d2e665581b6ba915.jpg,powdery_mildew
c0843f6d9d1af895.jpg,powdery_mildew
83e1bc9ee0f07865.jpg,healthy
cf822dcf01eec076.jpg,complex
9584b36c8761fc66.jpg,healthy
b5984a650ee6ba27.jpg,complex
c7fc392998a1a32b.jpg,frog_eye_leaf_spot
b26a4981bec98e6d.jpg,healthy
d7866016a5639ee5.jpg,scab
f065c3d61d48707d.jpg,healthy
8f97989814fc62c7.jpg,healthy
e8eb8dd479e8a046.jpg,scab
fc1cd80c0be96c73.jpg,scab
96d969468ccd9565.jpg,healthy
9bf9cca507923334.jpg,healthy
c9ef7e5082bc6606.jpg,scab
9e7e6b6d459c9808.jpg,rust
dd7788c48b6842b7.jpg,healthy
c8966548df21573d.jpg,healthy
c087309bc278efe6.jpg,complex
f26dcba05957b250.jpg,frog_eye_leaf_spot
e78a9512b151b9cb.jpg,scab
c0de28d7b5c270ce.jpg,frog_eye_leaf_spot
e8a58ad4d9829f33.jpg,complex
d932234fb966b922.jpg,powdery_mildew
8585704f5178cf9b.jpg,healthy
fc010fb0711515ff.jpg,rust
f434c1d3800fcfcb.jpg,frog_eye_leaf_spot
a23db21ee88be04f.jpg,healthy
bc7cc4d08d95b3c1.jpg,complex
81b3556b9595ab4c.jpg,rust
d530de0420b6ef9d.jpg,rust
ee28d6f80bde4017.jpg,rust
94e2530ba5b2f4b6.jpg,rust
d0783ec96abc4a4d.jpg,healthy
a1c50b1db25e2ead.jpg,scab
d586c8248da6ddcb.jpg,complex
e0c2d2a2e2b6f51e.jpg,healthy
e0cd4b382df53474.jpg,scab
d4b5a5f178e16303.jpg,powdery_mildew
e79fd1781e21209e.jpg,frog_eye_leaf_spot
f075c21337eb5285.jpg,rust
faf0cc1c8ce40d5d.jpg,healthy
95e922d99bcba431.jpg,scab frog_eye_leaf_spot
febd30d10d5f9088.jpg,healthy
847f15c0fa187aab.jpg,scab
94325f9125bb52b6.jpg,healthy
a8dc903f5a0f14af.jpg,healthy
a0a197d2cc9bf398.jpg,frog_eye_leaf_spot
c08241cfdf4f912f.jpg,frog_eye_leaf_spot
fcc0ce8d17d010bf.jpg,scab
90e03c8f3b398d6e.jpg,powdery_mildew
fd32c1ea1be4a560.jpg,scab frog_eye_leaf_spot
e5c6db9c91931b12.jpg,healthy
89b763d4c2ca6aa3.jpg,frog_eye_leaf_spot
ea60c5e31443a6fe.jpg,healthy
a09ef06c5ea00fee.jpg,healthy
e7af38d039f6c600.jpg,scab
ad189e2ecbd8c989.jpg,rust complex
b0b6d3d3c8d32d88.jpg,frog_eye_leaf_spot
c6e87638846f552e.jpg,powdery_mildew
a51a5a79e869d097.jpg,scab frog_eye_leaf_spot complex
8e3dbccdfe08c850.jpg,healthy
fccad4cb40fd8185.jpg,healthy
b93dc3b0c496368b.jpg,frog_eye_leaf_spot
e03b0ff099c29ab5.jpg,frog_eye_leaf_spot
8a5c2ed32fdb6882.jpg,rust
b512da6d657c32c4.jpg,frog_eye_leaf_spot
e86e95c92d24359e.jpg,healthy
fe468f66d44780d4.jpg,scab
fb3ec3ca2e0964b0.jpg,healthy
87a16bc3c1c5de62.jpg,scab
ffc065a5f082b3c1.jpg,frog_eye_leaf_spot
d4f4403ed3b4a5d8.jpg,healthy
952ab5128bb5abb8.jpg,scab frog_eye_leaf_spot
ff05d2fc83e00e94.jpg,healthy
9616d91dc4dc66cc.jpg,healthy
bdea58664a2eae24.jpg,scab
ac6ccdc19eb0b09b.jpg,complex
aff812da5f25101b.jpg,scab
dda46b752573b110.jpg,scab
a99fd5a64e6e2860.jpg,healthy
aae8958c56ae54b5.jpg,powdery_mildew complex
b48a8a973df070c7.jpg,complex
94c61e2b18b7daa5.jpg,frog_eye_leaf_spot
aba5558a34f19a66.jpg,healthy
f4ca866c9c7c9847.jpg,frog_eye_leaf_spot
fface8589e804996.jpg,frog_eye_leaf_spot
84713e23c0d37b6e.jpg,healthy
8af83f5138aaf825.jpg,scab
d7dc43883649d633.jpg,powdery_mildew
a5cc3bc68db94478.jpg,complex
fe5e02c9d08f4fc0.jpg,frog_eye_leaf_spot
c1a552eac3258bd7.jpg,powdery_mildew
9d166cddc0b7206b.jpg,scab
f6e501f5b0975423.jpg,rust
bdc0e42e966cc4e5.jpg,scab
e3a4b7b5bb484309.jpg,scab
b0bc031e44f8d7e6.jpg,rust
f50ac4a0e9777b14.jpg,complex
b16bd3c07a4e36c8.jpg,scab frog_eye_leaf_spot
bae44a17ce0438bf.jpg,powdery_mildew
a8c4d287db3f3815.jpg,healthy
e160ddea201fe29d.jpg,powdery_mildew
bd3ed2680fe23609.jpg,frog_eye_leaf_spot
97ae1a31133769cc.jpg,rust
f1319981cf686d8e.jpg,complex
b2c9ca954e6c6c56.jpg,healthy
f8e67b39cd0cdc00.jpg,complex
e07c07e1e251d4f9.jpg,scab frog_eye_leaf_spot complex
ea0ec53e8c3dcc70.jpg,healthy
d89fc424df921a56.jpg,healthy
a5c6dafe80f68a0a.jpg,healthy
ad0d994c5a7868fc.jpg,rust
8816216f6a5dcfb2.jpg,frog_eye_leaf_spot
c2d4be074b53ab61.jpg,scab
b53b8733d03658d2.jpg,complex
85f5309ec2078fb5.jpg,scab
aba42097fea0175b.jpg,frog_eye_leaf_spot
e2c0375b9a6bb861.jpg,scab
cde12319eea806ee.jpg,frog_eye_leaf_spot
81a063b69c99ed9e.jpg,rust
8d1eb4d2869fda81.jpg,rust
e0b4c381efda0c76.jpg,frog_eye_leaf_spot
a7ad20895353576d.jpg,scab
fdad80d016de1acc.jpg,healthy
91aa99c1c877e0bd.jpg,scab frog_eye_leaf_spot complex
a611b48e1abc4b9f.jpg,healthy
f11a43b01bf4326f.jpg,healthy
dfe0798519d51316.jpg,complex
e94b7bd25a9968a0.jpg,powdery_mildew
c1af3ada59a0a555.jpg,complex
d6427a97631b27a8.jpg,complex
a0332affc291d3d2.jpg,frog_eye_leaf_spot
fe958ad8094f684e.jpg,healthy
ae25ce12cd5b8879.jpg,healthy
982f65c46eb9c4d2.jpg,scab
a1c9944a4bbcede2.jpg,healthy
eb3ce0f040f20bde.jpg,healthy
e8103fff56001a5f.jpg,rust
c79e4a310ef194d5.jpg,complex
aa889b998ad1f8e6.jpg,rust frog_eye_leaf_spot
c5597e86a547b4a2.jpg,frog_eye_leaf_spot
ad90949302ef3b3d.jpg,rust frog_eye_leaf_spot
a5ca1605553f4f3c.jpg,scab
a6c297f88b7ac909.jpg,frog_eye_leaf_spot
eec2cb6b2d043d64.jpg,complex
e4a49aebec723303.jpg,complex
92e1db96acc8dc1c.jpg,frog_eye_leaf_spot complex
e595251f394a98ae.jpg,frog_eye_leaf_spot
fc8b609593385e33.jpg,frog_eye_leaf_spot
e99eddc8c10d443e.jpg,scab
d4bbc76c24cc5694.jpg,frog_eye_leaf_spot
fb3ac1a48e4e0f0e.jpg,scab
e5df822bcb71c620.jpg,frog_eye_leaf_spot
b434c3b2cbd24d5a.jpg,scab frog_eye_leaf_spot
91e7cc99b3254c69.jpg,frog_eye_leaf_spot
e8210ddefc024fec.jpg,rust
c034f2f680eeb1ce.jpg,scab
a9be91d69a43e981.jpg,healthy
bfe29090cb0b6f38.jpg,rust
bb1ce326ccb92645.jpg,complex
d4f3a1ac85d8d9c8.jpg,frog_eye_leaf_spot
c3bacd372c2312cb.jpg,complex
a3658a948953d65f.jpg,healthy
b6ff72284d620ae4.jpg,frog_eye_leaf_spot
d382ef2d8332e6c4.jpg,healthy
96b7d061606e3fc4.jpg,scab
82aa92f365da31f2.jpg,rust
c1f83f3a8ab888b5.jpg,scab
af34c2f44fd43c41.jpg,healthy
8f9a3a96d131e5b0.jpg,powdery_mildew
d4af3d8c09c05be5.jpg,scab
fdcad089ca453e94.jpg,healthy
e115c7628a4bb97c.jpg,frog_eye_leaf_spot
f08f70f59452da26.jpg,scab
91673f856431749b.jpg,scab
c097369c316ecb2e.jpg,frog_eye_leaf_spot
f092c3adadf18871.jpg,frog_eye_leaf_spot
fdf6d08981286f1c.jpg,scab frog_eye_leaf_spot
a085dad6dc6af149.jpg,frog_eye_leaf_spot
c3684a87b81f2dda.jpg,frog_eye_leaf_spot
d0e73fe532842b8a.jpg,frog_eye_leaf_spot
e8b581d483cebf84.jpg,scab
d0f45e8c6c4b4c8f.jpg,scab
a364babd12a5ac2b.jpg,frog_eye_leaf_spot
9eea2cf6f0e072a0.jpg,scab
e03ec7e08e07463f.jpg,rust
d9a22d90d6cb9336.jpg,rust
d389cb2c7824f792.jpg,rust
bc40f9e595320dba.jpg,healthy
95f404c2fe8302ff.jpg,scab
dfe06d94607c3c2c.jpg,scab
a880dc6756ed761c.jpg,frog_eye_leaf_spot complex
d6e2ce215d9a05f2.jpg,healthy
edef4c62c068f21c.jpg,scab
d3ae9e9e48b84ba0.jpg,scab
f403cb7e3c3589c1.jpg,scab
ad98cae06d6a25ba.jpg,scab
9361476766879c53.jpg,frog_eye_leaf_spot
9dc199c785569e16.jpg,scab
d3c96892b78e4674.jpg,rust
c23b2b96e9633790.jpg,healthy
da70aac0bd0ff0e4.jpg,rust
fd4f9fb548118541.jpg,scab
85b90c94badad92d.jpg,healthy
a8eb95c7d85e482a.jpg,complex
c00737c81e77b999.jpg,powdery_mildew
efc04301fc7f14d2.jpg,healthy
fe62e23f02180bbe.jpg,rust
f0e4c1526f5a5659.jpg,scab
81b23de294969e6e.jpg,scab
91e57bac981dc83c.jpg,scab
b2c6ddcd4845adc2.jpg,powdery_mildew
8b5b10f0bb2aab27.jpg,scab
fae651854d89fc44.jpg,scab
b1259e32ea3c4dc9.jpg,frog_eye_leaf_spot complex
9a93d1ada6693689.jpg,frog_eye_leaf_spot
c4f07698c2be3c2e.jpg,scab
fe06ce32b8f108cd.jpg,healthy
a95ade521c733e11.jpg,healthy
8bda74e18b458f0d.jpg,healthy
bad981443ceff118.jpg,powdery_mildew
f01c0ef30a3fc3e2.jpg,frog_eye_leaf_spot
e92d0dd552a79436.jpg,rust
baf827069efb2045.jpg,powdery_mildew
faf5d5868a0ac9b0.jpg,healthy
f592d2c0d8c4e4ee.jpg,scab frog_eye_leaf_spot complex
ff3d8130915bd249.jpg,frog_eye_leaf_spot
bc0fcc6e8dd433a0.jpg,scab
d7db95a98fe02860.jpg,healthy
b79ecc83e822c939.jpg,frog_eye_leaf_spot
a5827207e78e78e3.jpg,healthy
ffe1e03542661f22.jpg,complex
88b98dc1339ad9dc.jpg,healthy
eec2c0effd9080c3.jpg,frog_eye_leaf_spot
9548d2ccead92cf1.jpg,healthy
a42a5a756c25b47d.jpg,scab frog_eye_leaf_spot
c0c38f813d7e532b.jpg,scab
fe9fd090c0630f87.jpg,frog_eye_leaf_spot
f479c0d24bd64c39.jpg,healthy
952be361b47c48f2.jpg,rust
e1b6c46bec27121e.jpg,frog_eye_leaf_spot
d9a4e38184ce7c7c.jpg,rust
90ed9ba0a1376f16.jpg,healthy
bd154f595a1be0c2.jpg,rust
dca4c59705fc9ad0.jpg,healthy
d872934cc5953735.jpg,rust
dce117d600dffe00.jpg,frog_eye_leaf_spot
f8bcd208e1c58dae.jpg,scab
d08077878dcdb89d.jpg,complex
85d027d8ed068e3f.jpg,frog_eye_leaf_spot
ca2f23f322f078e1.jpg,frog_eye_leaf_spot
da0fb9fc305cf048.jpg,scab
8fadf039a06cd8f0.jpg,healthy
d5c23bbce28d421d.jpg,scab
8a2d7d9ecad0e81c.jpg,scab
eb10cbb9ad1a8c2b.jpg,healthy
cdfd5c912881eaca.jpg,healthy
e18f855851e0f8e7.jpg,scab
a4a5d6d69e9a981c.jpg,healthy
c7d5199a657b900b.jpg,healthy
91984ef0262f3377.jpg,scab
ddc358e20a6bc89d.jpg,frog_eye_leaf_spot
bf679f609b84218c.jpg,healthy
ad8085cfd8f16aaa.jpg,scab
e9d5c26a1d8c32da.jpg,frog_eye_leaf_spot
99d965e4d24f0b92.jpg,powdery_mildew
8bdf70c0803feda1.jpg,rust
fcfada8b826a80ca.jpg,healthy
c493255adbb658c3.jpg,scab
f8a2171e4f1f0d83.jpg,healthy
c1b038b9b4971797.jpg,frog_eye_leaf_spot
84bd3ec03579f183.jpg,scab
bfdab2dac2c460a2.jpg,frog_eye_leaf_spot
ff10f77cae600b01.jpg,frog_eye_leaf_spot
bffbf27a8000aa8a.jpg,scab
c67a01efc3374b60.jpg,complex
ac768bf5ea9410b8.jpg,healthy
a920cdb61f60e66b.jpg,rust
c15d3d3ae123c547.jpg,healthy
a1b83b5d8cc2fa29.jpg,healthy
98779993c891e48f.jpg,rust
c1e663bafe42c44a.jpg,healthy
f04d6762eca8459e.jpg,frog_eye_leaf_spot
852f58ed44ad6a55.jpg,scab
bcd28d8f242f3730.jpg,powdery_mildew
fd2e5244551730ed.jpg,healthy
ec81c59d54f0ed68.jpg,complex
ddcc29d3c5324ba8.jpg,powdery_mildew
dbcc2cc228963aeb.jpg,healthy
b72ade1d20c372c6.jpg,rust frog_eye_leaf_spot
c27537e5e50f046c.jpg,frog_eye_leaf_spot
946acb2709c33cd7.jpg,scab
c5a137f13683cb46.jpg,frog_eye_leaf_spot
8a832536921ecbfd.jpg,scab
d8a00ff3446b7d2a.jpg,healthy
c0c083d79f833bba.jpg,scab
bd9fc22bcd544071.jpg,frog_eye_leaf_spot
dd8652f81dc2588f.jpg,scab
d4f548f0d0f6d622.jpg,scab
d67825d0f7d60155.jpg,scab
d6ba608731ef1b90.jpg,frog_eye_leaf_spot
aadaaff8ee54040a.jpg,scab
c26e3f0170abb19d.jpg,complex
e155c51bd5889b5c.jpg,powdery_mildew
92b4e9cb8e0ccccd.jpg,scab
d092138f877f2587.jpg,scab
97239796cada3858.jpg,scab frog_eye_leaf_spot complex
e294d69ddd0d48e2.jpg,scab
e034d6f038ba395b.jpg,rust complex
97a83595219e3e53.jpg,healthy
91b27ad271c9c719.jpg,complex
ab1883bdd07f8278.jpg,scab
d0563fbb241b2ce1.jpg,powdery_mildew
89342ec87a3ed8b3.jpg,scab
b0e182fffb213898.jpg,healthy
f7d0a0f802b3781f.jpg,scab frog_eye_leaf_spot complex
c283666b8e6b6179.jpg,healthy
94b531898979f38b.jpg,healthy
b09c39baaad72aa1.jpg,frog_eye_leaf_spot
e4aa95d3971b1a1a.jpg,healthy
fa3560c19737e90a.jpg,scab
9edb7fbd50d1a000.jpg,scab
ed108ed8003eaff6.jpg,rust
e9c28bdf568550ac.jpg,healthy
e306368eef675016.jpg,healthy
a845c6bcd89635cb.jpg,scab
df95639e30cc91c4.jpg,scab
bee695369c810b93.jpg,frog_eye_leaf_spot
97b54bc21f603746.jpg,scab
9c3f1c10ba54ed56.jpg,healthy
b3e6c40e19bbf242.jpg,frog_eye_leaf_spot
b8d969ae646c48b9.jpg,frog_eye_leaf_spot
ea99c53b6e58e0c8.jpg,healthy
e99590ef2257a274.jpg,complex
908fe0fa0f24fb1a.jpg,healthy
be5ab429ba3cf014.jpg,scab
cdc815b993ce7889.jpg,scab
b4274b8fdfb014a8.jpg,scab
b9af3382921ae770.jpg,scab
f8be9580a45c85e7.jpg,complex
c6c4c4961b3f13e3.jpg,healthy
c126e25eb08f48ef.jpg,frog_eye_leaf_spot
9fff0cd05c433740.jpg,frog_eye_leaf_spot
aab5941defb14f00.jpg,scab frog_eye_leaf_spot
d0dc971d26c3299b.jpg,healthy
f096d4decf456830.jpg,frog_eye_leaf_spot
a5ab5f961e1a7031.jpg,healthy
87e3d0c12a7ba995.jpg,rust
bd7ac0a58eb0da92.jpg,complex
fa05c054c9d7ced2.jpg,healthy
d89d9ede82743229.jpg,rust
c0ff18bfb811e503.jpg,rust complex
af951cde41f43816.jpg,scab
f522d62e882c9d75.jpg,rust
efa918ce08bcc3b8.jpg,healthy
f060008e97f0ef77.jpg,complex
c1c4f92f6d261792.jpg,frog_eye_leaf_spot
b5cf9d3e58609223.jpg,frog_eye_leaf_spot
b4ccd242496765af.jpg,healthy
b9802bdf905fc239.jpg,complex
b424d0ff4f832437.jpg,complex
87a5489f1e4dc3d2.jpg,scab
f966d745a498053d.jpg,complex
f4e5cd3c3071c3c8.jpg,complex
bfa0b288de70a5c9.jpg,healthy
e781229fe9441e3e.jpg,frog_eye_leaf_spot
a694c3cb86c66a5e.jpg,scab
ca18dd7adc22cc8e.jpg,healthy
e9b616d9fc0a300f.jpg,scab
c3e995b03b526a87.jpg,rust complex
c8921cb1f317335e.jpg,scab
d3c22b95c222bd5e.jpg,powdery_mildew
dcc09f6a1ba7660a.jpg,complex
98679b806fc8876e.jpg,healthy
ebe393908947f858.jpg,frog_eye_leaf_spot
ff002abf7c0a2365.jpg,rust
ddc2379c21cf30d1.jpg,powdery_mildew
c52849de7fe51581.jpg,scab
c6768ce5c0f09f19.jpg,rust
edd22254c471ab9e.jpg,rust
97cc6c90c76831fc.jpg,powdery_mildew
c8c03ddfeb881f09.jpg,complex
b3f3ed460303387c.jpg,rust
c0642fcf6b8bb10e.jpg,healthy
89b71da28857e672.jpg,healthy
a16ec5864adea78c.jpg,scab
d67a60d2f0d5d4c1.jpg,scab
8ebc94969f1252d9.jpg,healthy
d2ce7fb309b84894.jpg,frog_eye_leaf_spot
fe32c8cb412aac5e.jpg,healthy
b8ec878268c4537f.jpg,healthy
dc8e3cad1f59d840.jpg,healthy
9fb7dfb1a0436003.jpg,frog_eye_leaf_spot
901f704f717817b9.jpg,scab
9d0f637846725e0b.jpg,scab
85de25981e4b33d6.jpg,powdery_mildew
a995264e9f53a391.jpg,powdery_mildew
c0cc3188dcad5fd5.jpg,complex
fcf588ce0bac4638.jpg,frog_eye_leaf_spot
fa8bc0adc6458f61.jpg,healthy
a55ac55278a5709f.jpg,healthy
e290daf89d49b81e.jpg,rust
859b5d802ded92e5.jpg,rust
b6b7e90f8904115f.jpg,frog_eye_leaf_spot
d2ce48abb09a7559.jpg,frog_eye_leaf_spot
e9e33e85dc84a532.jpg,frog_eye_leaf_spot
b55aad5449aaaaa3.jpg,scab
869ecada95197b30.jpg,scab
d63b62d4d73322a2.jpg,frog_eye_leaf_spot
93bb3f6ea68d0241.jpg,scab
c1b3a11c7c6d9e0e.jpg,powdery_mildew
f4abda38016aebc1.jpg,healthy
d992c0a5fc60a73e.jpg,powdery_mildew
c69394a0fe75aa54.jpg,scab
88b3f86bc843d58d.jpg,rust
9ad42c4b87774762.jpg,scab
fb2d81cd1d5a4c38.jpg,healthy
923386b28db31bce.jpg,healthy
fc2bc00770d8e6f8.jpg,healthy
c1bf2946311fc0be.jpg,scab
ccbf3e4341d4a1ca.jpg,healthy
89fd3f8768a01de0.jpg,healthy
cfb4bfded042a00c.jpg,scab
f289c39d38a11bce.jpg,complex
e0f2e1d7860f8e98.jpg,healthy
a23a87e34de5f218.jpg,scab
a1da5dd4cae03caa.jpg,healthy
cbab30da923c9ca5.jpg,rust
b9c4949bc0d24f8f.jpg,scab frog_eye_leaf_spot
fc3a95f03194b8a9.jpg,frog_eye_leaf_spot
a3ecfe85f0d23680.jpg,healthy
e1caa5852cb570be.jpg,scab
c3b3d7904a783707.jpg,scab frog_eye_leaf_spot complex
c7a822cf790aaa5d.jpg,scab
d51fe92f506a8bc0.jpg,healthy
e02b86b99ad798ac.jpg,complex
85b5d996605d1e0f.jpg,scab
bf1040ed6d17369a.jpg,rust
e8e4f34a052fc5aa.jpg,scab
fe81989bc9ca20be.jpg,scab frog_eye_leaf_spot complex
92e17e8ae8ade198.jpg,scab
c1b585dd9cb4b838.jpg,scab
ff9ce29e0b8a904a.jpg,scab
a83a9d788ae57896.jpg,healthy
a8ef34d3b0f14370.jpg,healthy
d2f10c446e5a7bc9.jpg,powdery_mildew
be90d289c1007ff7.jpg,scab
d4a3d60d0d6e7296.jpg,healthy
df03b6b220782eea.jpg,scab
acdedc4a08655877.jpg,scab
bee6c10382e4d7a9.jpg,frog_eye_leaf_spot
899f3ae55a32e21c.jpg,healthy
f9a0c11f9e4839e3.jpg,healthy
80bf21a07dfcf047.jpg,frog_eye_leaf_spot
ce8637b2c328e179.jpg,powdery_mildew
b035dfe1929e6518.jpg,complex
ad94c095d6cbba45.jpg,scab
a59a83d78b9a68e8.jpg,healthy
fdd608e58907e3e0.jpg,rust
dbb249c5a9cd44d4.jpg,frog_eye_leaf_spot
faa5c7b1653192e0.jpg,scab
cfc087813b75c197.jpg,healthy
bab1d053e8abf442.jpg,frog_eye_leaf_spot
ac7f81b41bc17c92.jpg,frog_eye_leaf_spot
b5c751dc051e4e1e.jpg,powdery_mildew
ebd19f9c549a12d0.jpg,rust
c3c13a9b21b4e747.jpg,powdery_mildew
c6fb06d03f1a4dd0.jpg,scab
a768118771705f1f.jpg,rust frog_eye_leaf_spot
babd9a9d928923b0.jpg,scab
c0fe1e5229bd6552.jpg,powdery_mildew
abb8a707af00af51.jpg,healthy
9d9a916b81e74527.jpg,scab
ce333d8d079f0a4a.jpg,frog_eye_leaf_spot complex
bd8e91b46954cb94.jpg,powdery_mildew
853a15619eeb58c7.jpg,scab
81cb3d2572b29b99.jpg,healthy
8b8c7565dcd0f960.jpg,healthy
ecf890a17ce77980.jpg,complex
ad7737a0d282b51a.jpg,scab
a196c2794ea0fe63.jpg,scab
8cd3558f078f72e0.jpg,scab
c59b650df607e518.jpg,healthy
b561e3ce939c941c.jpg,scab
f69283c5cd6740a7.jpg,healthy
8b603b17723ea355.jpg,scab
d2b6bab1158a8d8d.jpg,frog_eye_leaf_spot
d09e0ff72c607325.jpg,healthy
c0073faf087e0f95.jpg,scab
976e1ec60dcb023d.jpg,healthy
8dad7a6791407963.jpg,healthy
b8eec07e05726f50.jpg,rust
bbede9c091850f0d.jpg,scab frog_eye_leaf_spot complex
8ebe60843fd8b18b.jpg,frog_eye_leaf_spot
a4e484f23a9bc9d9.jpg,powdery_mildew complex
85e53e8786664a9d.jpg,scab
f1e08b5ada013c7e.jpg,frog_eye_leaf_spot
ba06b0ea5d47aa4d.jpg,rust
e2d6da84d93a632a.jpg,frog_eye_leaf_spot
81fcce24b0ee5f90.jpg,powdery_mildew
f88c838f5e6b1866.jpg,rust
cf8f088d954c46de.jpg,healthy
b1f0e55ada504b5a.jpg,healthy
8ccc8f24fec7448e.jpg,scab
b48cd279e13ad0bc.jpg,scab
efd0606bca648375.jpg,frog_eye_leaf_spot
8f3bc0f76281e662.jpg,scab
adf45b87c8e1c0e8.jpg,frog_eye_leaf_spot
f6b7d282c89cac0d.jpg,frog_eye_leaf_spot
999381af5a507557.jpg,complex
adf991c9db48908b.jpg,rust
96aa20cbd3aceaa5.jpg,scab
c820349371fb6c9f.jpg,scab
b4f0ee68059e95b4.jpg,healthy
aba055a8d25fbd41.jpg,healthy
b7494a17f96da00e.jpg,scab frog_eye_leaf_spot
d4a290d29b43bd5e.jpg,scab
eac1818da50d957f.jpg,scab
ece68eb9709b2382.jpg,complex
af7885c15ac3275a.jpg,scab
a22d322b3df799c0.jpg,scab
b166f1c9c0a6656d.jpg,complex
ff00e6605ec75887.jpg,healthy
d7826acca9bcb862.jpg,frog_eye_leaf_spot
c6cd66a452a59b5a.jpg,healthy
fae2d4c4c93a3b30.jpg,complex
d1da92ca9e74da82.jpg,healthy
86b186392c03fdcf.jpg,rust
adbc9082db89d8cd.jpg,healthy
c0922b657fab741c.jpg,scab
b1858fa65f1d0e15.jpg,frog_eye_leaf_spot
91819b70a8bfe395.jpg,rust
fbea0f44b2909a78.jpg,scab
817e97dad0c33ae0.jpg,scab
90859ae05ae1f4df.jpg,complex
c8619db972479936.jpg,healthy
cad4aef68af20652.jpg,scab
c0c62f918de5bc0f.jpg,complex
efa9f410cb80e4b3.jpg,frog_eye_leaf_spot
ede2cf641686e0d8.jpg,scab
a8f03562c2a4d9f7.jpg,powdery_mildew
a17c9256abb7350a.jpg,powdery_mildew complex
d924bb90ce61389f.jpg,scab
abda897069356696.jpg,complex
ad600a9ff749958a.jpg,frog_eye_leaf_spot
ea496d75342a52ba.jpg,healthy
dd9bc134c897c817.jpg,frog_eye_leaf_spot
abf6d2c60c612e99.jpg,healthy
bb92c39a8bf01d51.jpg,scab
d2822e3e1b5f1db0.jpg,powdery_mildew
adb492c2d354a1eb.jpg,frog_eye_leaf_spot
fd2ac19b469d1ab0.jpg,complex
dfdf8881d4e0e416.jpg,scab
b5c19fa54970e453.jpg,rust
e1f59dc570897099.jpg,frog_eye_leaf_spot
af50c50acaad5d8d.jpg,healthy
adb0dcc2cdc0c2f6.jpg,healthy
d1826b6a9797b8a1.jpg,scab
eaa3d0c288c75b4f.jpg,scab
b4d883d0cf974da4.jpg,frog_eye_leaf_spot
8e78fa35c31587c4.jpg,rust frog_eye_leaf_spot
c5b72c2a24924df7.jpg,complex
8381c319657dfb68.jpg,rust
8b9c25c9ac739a87.jpg,frog_eye_leaf_spot
d6def363080d0c8f.jpg,rust
f1bccbee83dc0098.jpg,healthy
efb0862a1efab882.jpg,healthy
c9f31eb4f6d804a8.jpg,rust
ee2780ff9d471908.jpg,scab
d5cfbf484b606c41.jpg,healthy
e0378f8fbd987090.jpg,scab
8085d341ee57f03f.jpg,scab
e9b621ca16ad3d54.jpg,healthy
ad51d44bd8ed40dc.jpg,scab
b450c27ade59ab2c.jpg,frog_eye_leaf_spot
88dc1ee9f4258fa2.jpg,healthy
fa37c0d9dcb8018b.jpg,healthy
a80a8eafb4c536b6.jpg,scab
addec069d820f536.jpg,scab
914859ed6cf69472.jpg,healthy
9d5460c8e7b35ca6.jpg,rust
b89d7c5ff0a1d280.jpg,frog_eye_leaf_spot
80ea75af4276ad29.jpg,scab
f3249c3b0e892b8f.jpg,rust
b4a3c8859bd25b3a.jpg,healthy
959dc2e94b1d1c87.jpg,scab frog_eye_leaf_spot
915837c02b5f61bd.jpg,scab
b0b213db5b4ba855.jpg,frog_eye_leaf_spot
a8ad903ff069b594.jpg,frog_eye_leaf_spot
a9b9a1f4c9505f83.jpg,complex
bfed12c0a982659e.jpg,frog_eye_leaf_spot
e9adc2d4ffe820a0.jpg,healthy
ecf9cc60308e2b57.jpg,rust
d0a1009ea59f6fd6.jpg,healthy
dbe1b3846e06b86a.jpg,rust
906b2f9f62c0ed68.jpg,powdery_mildew
f495908f8f9e6560.jpg,healthy
94e1c6c79e9f0968.jpg,complex
a67a28ca69af650d.jpg,rust
98f4000fff7b8313.jpg,rust
a1b0d0871f0dcff8.jpg,scab
c8232d72e49307df.jpg,healthy
e4787a671ab512b1.jpg,scab
9db07f4d938388e4.jpg,rust
c53b70395fb1b130.jpg,scab
acdc8d88549873d7.jpg,scab
acd0d5a941766b66.jpg,powdery_mildew
8bc77432bb1c5670.jpg,healthy
b4b5c898b69d930b.jpg,frog_eye_leaf_spot
b76bab449b542855.jpg,scab
a829cb961deda507.jpg,healthy
a484c1ca4bfdad2d.jpg,healthy
de22c00ae5df626d.jpg,scab frog_eye_leaf_spot complex
c4d0d0f9711f6137.jpg,scab
82db97c102e8cf9d.jpg,healthy
9dc3389fc49644d6.jpg,powdery_mildew
c0a19756722bbd56.jpg,frog_eye_leaf_spot
d14360c1903f7beb.jpg,rust
f198e1c8ff003e65.jpg,healthy
95960b8f4532787d.jpg,healthy
a4829bcdef14c617.jpg,complex
a96a2fe6c583243d.jpg,scab
e5e6dc266f02609e.jpg,frog_eye_leaf_spot
c5143eb3279b7268.jpg,powdery_mildew
efd47470153a423d.jpg,scab
a6f94a47de0e9491.jpg,frog_eye_leaf_spot
ab91d1a9d4b49a6c.jpg,rust
90b5d0fb4f3e22d0.jpg,complex
a0ed9ad6c7096a55.jpg,healthy
c1c2233a0fb3dc1f.jpg,rust
8ce35db6e11866d1.jpg,scab
96952d807ec276d6.jpg,scab
ed96969ad6954a41.jpg,scab
cfcc7250b45598ba.jpg,scab
cac0033ba92a7fd9.jpg,frog_eye_leaf_spot
d5f22af236257225.jpg,scab
958ab785cb949596.jpg,scab
853067b3ec9c52ae.jpg,scab frog_eye_leaf_spot
8161733dfc3c1c65.jpg,rust
e0e88a09da1237ff.jpg,complex
9f8e61371a3d3550.jpg,complex
e09f855a8778b8f0.jpg,scab frog_eye_leaf_spot complex
fdd292ede0636094.jpg,scab
a1b4259a7e5a4e69.jpg,healthy
fcf4081e9ca09d73.jpg,healthy
9a754e9d3aec9142.jpg,scab
b498c269bc25badc.jpg,complex
89ec44e46dc276b9.jpg,scab
92cdca92ad922cfa.jpg,scab
b8f19421babc99c6.jpg,scab
9587708423af6b3e.jpg,scab
c0ea06c9bfa5d8a6.jpg,scab
90d349c987f42f1d.jpg,healthy
b0f4c0c96111ef9f.jpg,complex
a8858df4e4fe3618.jpg,scab frog_eye_leaf_spot
b76dd74acc1084ce.jpg,rust
f299876668ac9d1a.jpg,rust
9f17329e5243907d.jpg,scab
b59296b49a9292d7.jpg,frog_eye_leaf_spot
c0f3931a78e1c6e6.jpg,frog_eye_leaf_spot
f4c1c1991c683b6f.jpg,scab frog_eye_leaf_spot
f492c79b1cd9300f.jpg,healthy
da3f9a971817601e.jpg,frog_eye_leaf_spot
97828af0ff5b5070.jpg,frog_eye_leaf_spot
85b5c98f1a9227a7.jpg,scab frog_eye_leaf_spot complex
fd8426f1d213f429.jpg,frog_eye_leaf_spot
95f66940b6d6aac1.jpg,frog_eye_leaf_spot
81b3f17d0c24ff03.jpg,healthy
ba1d31639058daeb.jpg,rust complex
e429cc9b99a931cb.jpg,powdery_mildew
c6af7edb2f912001.jpg,frog_eye_leaf_spot
cab5a730a79bc238.jpg,healthy
cccb301ddac79871.jpg,scab
aec0dab7641fb40c.jpg,complex
956291ca4b7ad758.jpg,healthy
96ed12126c1a86ff.jpg,scab
edb149d9308ced0b.jpg,rust
ed966a4e1c6c38b2.jpg,frog_eye_leaf_spot
b465cbd64c19725a.jpg,scab
c85f3e2036ef12ca.jpg,scab
f4211b926adbd6e0.jpg,healthy
c3e00fc3f6af4096.jpg,scab
b841b309d29edb5a.jpg,scab frog_eye_leaf_spot
e8c7c06f8f701d70.jpg,scab
a7c6e7c206fc08bc.jpg,powdery_mildew
abaf573894517854.jpg,scab
c1dc6b39701eca8e.jpg,powdery_mildew
d3cec18aa4df089d.jpg,healthy
9bb0c062e31fb69c.jpg,scab
a9b665c8d285b1e5.jpg,healthy
aab65b60c5b6f0c2.jpg,frog_eye_leaf_spot
8a972fc8126ef136.jpg,scab
a994d6d291da40fd.jpg,scab
eb6c88e07c1f2633.jpg,frog_eye_leaf_spot
85b9a99a4bcc6dc8.jpg,scab
f093f6605fa108bd.jpg,frog_eye_leaf_spot
c0b00f5bf19cb1ce.jpg,frog_eye_leaf_spot
bf0162fe6c4098cf.jpg,frog_eye_leaf_spot
bd7fd06581168732.jpg,scab frog_eye_leaf_spot
a79492e90e653ec3.jpg,scab
efe9cf50cf1a0a08.jpg,frog_eye_leaf_spot
c0c73d4ea046bf6c.jpg,scab
b5a3475ea46cc2aa.jpg,frog_eye_leaf_spot
86f9e7355a26384c.jpg,scab
8935609715f7d28b.jpg,scab
b570dc9839c191e7.jpg,rust frog_eye_leaf_spot
e1019ab5ddd11acb.jpg,healthy
828535ca4b7e2ed6.jpg,scab
fd80cfc1c3e32b03.jpg,powdery_mildew
b14ddac46a2a3795.jpg,scab
886f2ea5bdd5a121.jpg,powdery_mildew
cc448768ff40fe07.jpg,frog_eye_leaf_spot
ed289827d57592f0.jpg,scab frog_eye_leaf_spot
a88795d8d2398b3d.jpg,powdery_mildew complex
ea675274ca82ac9b.jpg,healthy
d79341f2584f4257.jpg,scab
e26867cf9c5c98b0.jpg,complex
e568ca54cddd2d81.jpg,rust
87356af8652f7818.jpg,scab
e5bb8da06acd3740.jpg,healthy
c4c64aee694496be.jpg,healthy
e257f4861f90e21e.jpg,powdery_mildew
d5fde88500c61ddc.jpg,frog_eye_leaf_spot
a89fc0503e7c29bd.jpg,rust
e7ba97c10ada618c.jpg,healthy
87fa3f21f4659034.jpg,complex
bf36052ada36063d.jpg,healthy
f52b20978f3d28e1.jpg,healthy
e493c289c66f313e.jpg,rust complex
bda1055bacb0578d.jpg,frog_eye_leaf_spot
fc0795f8820b0bcf.jpg,scab
af5e95807a7f2a80.jpg,rust
e0c48514f0f5f763.jpg,scab
d9d1f89399c8856c.jpg,scab
c4c62f9f70df01e0.jpg,frog_eye_leaf_spot
e5c9d28f8a15ac99.jpg,rust
cd18a7b9792c1b4c.jpg,frog_eye_leaf_spot
fa04e7286fcd6254.jpg,scab
bc8d94cad7cb2b02.jpg,complex
eb381c85c11cb5de.jpg,frog_eye_leaf_spot
a5a9eac6565854b5.jpg,rust
9e16f0cb615b33a4.jpg,frog_eye_leaf_spot
de9a27d790d09315.jpg,scab
80acd65fd76ac8a4.jpg,scab
faa7a00c8a5e5e78.jpg,frog_eye_leaf_spot
d5f4ca0a199a399d.jpg,healthy
b247ccfc06bfe808.jpg,complex
f290d75a1cbd0791.jpg,scab
dc75921d9bcb1c0a.jpg,scab
c03f6a3ad3c4358d.jpg,scab
9bd2678513d89ea8.jpg,powdery_mildew
b597f61f202e7881.jpg,scab
d023c15f9eb8e1a9.jpg,complex
f69fc0d99889a0d5.jpg,frog_eye_leaf_spot
bd8918c9cc56fa52.jpg,frog_eye_leaf_spot
a8f2d64a5825b5b5.jpg,scab
85ae6cc33675c60e.jpg,powdery_mildew
97ed50c28598ff30.jpg,scab
dcdf322003256f79.jpg,scab
b5d7d543d2f00962.jpg,frog_eye_leaf_spot
c536ddcc38c126d5.jpg,healthy
c1f0e3eb8f212d0b.jpg,healthy
c2a7cf1e7821b98a.jpg,healthy
cd8a3c80aea8afe3.jpg,scab frog_eye_leaf_spot
c4e63c0ef61b9b81.jpg,healthy
f51828873ed39be0.jpg,healthy
db6b29c0346ee0e6.jpg,rust
c274c3c3d76f141c.jpg,scab
ebbfc458ce6888e0.jpg,rust
83ac2ccacb0fd2b9.jpg,powdery_mildew
b1b8d0c19a799957.jpg,scab
aa88925f2f3c62b3.jpg,powdery_mildew
a8bd55b203daa0de.jpg,healthy
f11dc0b6cf671c0c.jpg,frog_eye_leaf_spot
90fb74d027ab7702.jpg,frog_eye_leaf_spot
c0cbc723e253d5d2.jpg,scab
ebb4c46b484a8f95.jpg,rust
f4acc2908b5a9fb8.jpg,frog_eye_leaf_spot
ebdfd21c4b01c90d.jpg,powdery_mildew
b5da750f9a3034d2.jpg,rust
e91ed270d8a5e90b.jpg,scab
c8a83ed8f09e12de.jpg,healthy
a06a5237afb63a1a.jpg,frog_eye_leaf_spot
b5d4c6c564772568.jpg,frog_eye_leaf_spot
ad46d4ecc9ed5540.jpg,healthy
e5bc83c5812661fd.jpg,scab
b4d6db43a94da4c2.jpg,scab
bdc0d09e2eb436c3.jpg,frog_eye_leaf_spot
9325f52a34abd05e.jpg,rust
ea36ea5c4d9552a1.jpg,healthy
b41594c3fe494be4.jpg,healthy
a04a7269a7d78793.jpg,healthy
a43ede60d961e9d0.jpg,frog_eye_leaf_spot
f88283878381bbfd.jpg,scab
a58fe466e5781178.jpg,frog_eye_leaf_spot
80a06ecffc53017f.jpg,frog_eye_leaf_spot
f41d964aca8768f4.jpg,powdery_mildew
b42d4b9a42d9b36a.jpg,healthy
a0f2db932f4d41b4.jpg,scab
a786284969ca3fb5.jpg,healthy
e78610d4d04d7de9.jpg,scab
b4b0c6284ee1a7cf.jpg,complex
e4e81a68cb56e3b4.jpg,rust
e0a59acbe9c43396.jpg,complex
d0bc607d2d72f341.jpg,healthy
e0fec0c0838bcf8f.jpg,rust
cc612ed9e5107f19.jpg,rust frog_eye_leaf_spot
d8dad1d5c1eac2c4.jpg,frog_eye_leaf_spot
e7dc4fa825607a85.jpg,scab
a1ad9a935a6a6a2e.jpg,frog_eye_leaf_spot
bbe4d10b041f6e39.jpg,powdery_mildew
fca5aac8eac2f602.jpg,complex
c8c60ceeec4a46f5.jpg,scab
ab90a590dd415bcf.jpg,healthy
95da3f630721252f.jpg,scab
b4bc4fc1654fe1c0.jpg,frog_eye_leaf_spot
bc65d81236e15c73.jpg,healthy
fcca4570bc5259e4.jpg,scab frog_eye_leaf_spot complex
c19ee3915f1d30c6.jpg,scab
833857d06e6991f6.jpg,healthy
b28792305b9575da.jpg,frog_eye_leaf_spot
b966d08f6e385724.jpg,rust
90aed986c9cfe4c1.jpg,frog_eye_leaf_spot
cfe7658e80129b87.jpg,scab
e6f260b7b415d434.jpg,rust
84cf8c8fd5978b81.jpg,healthy
a2aeb7a5508e7a8a.jpg,powdery_mildew
f8914f671cda90c6.jpg,healthy
e3921d58a3a5acad.jpg,rust
d8b52634c9165de6.jpg,rust
c2e1d6668b60e19f.jpg,frog_eye_leaf_spot
d9b001e39f2d3e8c.jpg,scab
ce8556a10cf501ff.jpg,scab
e8c48b96add9e065.jpg,frog_eye_leaf_spot
9ccbc2c5d1aaf078.jpg,healthy
a7da82951078773b.jpg,healthy
a6a47d8b0138fcd5.jpg,frog_eye_leaf_spot
9b3648259a994f6d.jpg,powdery_mildew
c47a6ed8a111175f.jpg,scab
b897eaf0742c701d.jpg,complex
aad0c569a12aaafb.jpg,scab
c3379cca61998dcc.jpg,healthy
f21097ce15ba9e13.jpg,healthy
eba89d55225344af.jpg,rust
fc8fccc6c4dcc8c0.jpg,scab
b0d8d1dcc9be818d.jpg,scab
fd8dc00e8576eea0.jpg,healthy
a136cd2acc116ff8.jpg,frog_eye_leaf_spot
cd9698463a3df270.jpg,complex
e1a1063f56635f4c.jpg,healthy
c4edbd2ed0c8b03c.jpg,scab
bf66497b050bce06.jpg,powdery_mildew
fcf7c253a7c80231.jpg,healthy
c5b434bf5e482ca5.jpg,frog_eye_leaf_spot
c4870fc068dfc0fb.jpg,healthy
f1bb28fee48284c3.jpg,scab
d4b4dacc21b06b97.jpg,powdery_mildew
9be4e943b1999a19.jpg,complex
94a873d2895adda5.jpg,scab
bbe5d2cf4411ad0a.jpg,scab
a8c47d7848ada91f.jpg,rust
b7628746264daacd.jpg,healthy
fba4dc930093135f.jpg,healthy
e51485651d273779.jpg,powdery_mildew
b49e9a954d8554cd.jpg,healthy
a663c3f61f02237c.jpg,scab
86da92c9249ccfd3.jpg,scab
bc943d355ae8c8e8.jpg,healthy
ff9d804a4661e4a7.jpg,scab
cccb15a3875c393a.jpg,rust
ae4c5a950daf4b54.jpg,rust frog_eye_leaf_spot
fe4840de655aa8ad.jpg,healthy
b09b1a90948fecdd.jpg,powdery_mildew
f08fcf469f61c0e0.jpg,frog_eye_leaf_spot
a8f09383dcaf6307.jpg,scab
d2093b747ae213d6.jpg,frog_eye_leaf_spot
c5bd454a1372da72.jpg,frog_eye_leaf_spot
a9dcdb6d22b91681.jpg,frog_eye_leaf_spot
ec62c0a3dc0fb1ce.jpg,healthy
e4fea416c274fc60.jpg,rust
ebcfc460846470fd.jpg,frog_eye_leaf_spot
c29d2d337c0ed2e4.jpg,scab
f58aa75a9a6c8ac2.jpg,frog_eye_leaf_spot
c0af9eba5bca0a52.jpg,scab
af86dadf003c13e1.jpg,scab frog_eye_leaf_spot
8e7986d1ecd36445.jpg,healthy
fff080b2c394cf48.jpg,rust
bf8fdcf0dc2060b0.jpg,complex
af14d629ea6f1826.jpg,scab
e2b687c43c71d2a9.jpg,powdery_mildew
e4e88fc4851ab6f4.jpg,complex
e6a21cb69da821bb.jpg,frog_eye_leaf_spot
9f0d920dc46cc36f.jpg,complex
a0c585fd0a7d3707.jpg,scab
a583c1433a3b3b5b.jpg,healthy
b124c91bec5b5f14.jpg,healthy
ebf49a2e4f217085.jpg,scab
ddb462c1932e7bc0.jpg,scab
dc761f4ff008e0e1.jpg,scab
e5144f7b52721a4e.jpg,scab
a5e9fd0b599b0524.jpg,scab
ab44923e11b507fe.jpg,healthy
cf8d3138b3653352.jpg,frog_eye_leaf_spot
848671b6d92b75a6.jpg,scab
ffa0ad0756929391.jpg,rust
d5f8c90d8a2e7652.jpg,rust
aa4c3b98b9399393.jpg,rust
ad43d2868af552ce.jpg,healthy
c96f37f88c4c26c1.jpg,powdery_mildew
d2aa52d331432b77.jpg,healthy
cdc773f8070503e9.jpg,frog_eye_leaf_spot
9c6eed874623c98a.jpg,scab
dc32d69aba2b812b.jpg,rust
e49e853c9ea51c27.jpg,healthy
a1e0d5f01f1a59d9.jpg,healthy
ebb14c6612d989ec.jpg,healthy
caa63498933bee85.jpg,healthy
c7b842e578ce446b.jpg,complex
e0d27dd08e95e199.jpg,scab
ffd4c5088f4605a7.jpg,complex
f0180f0b3dde16b6.jpg,scab
e5ee33f5c4a01631.jpg,rust
adad4ab6c281d5ac.jpg,healthy
de44a69ccda07a35.jpg,powdery_mildew complex
fbe5c081e42f8366.jpg,scab
e0bf978b4ac56825.jpg,powdery_mildew
f5b7c20f43016b95.jpg,scab
eaf451b2d5e28295.jpg,scab
8dd6208b3ae54b4f.jpg,healthy
b1ca921e1bb6678a.jpg,healthy
ba9ee28481257773.jpg,scab
84633e4af84bbc17.jpg,scab
acb91a1a6065afb6.jpg,frog_eye_leaf_spot
d4786593d96d7284.jpg,scab
d2d1f9d18a8989cd.jpg,healthy
aede6aad01713532.jpg,scab
ef32960a5ec5878c.jpg,scab
a55ab15dd22cdb14.jpg,scab
ebe1702a1cfca2ca.jpg,scab frog_eye_leaf_spot
caaf5551b7585458.jpg,scab frog_eye_leaf_spot complex
bf4092df4d6d2494.jpg,powdery_mildew complex
9e8ccf32f5425c85.jpg,complex
b91b3191e2654ee6.jpg,rust
c6cb61811e30ff4d.jpg,frog_eye_leaf_spot
af9d4a9a1d01b5e4.jpg,frog_eye_leaf_spot
faa8529ab5e24754.jpg,scab frog_eye_leaf_spot complex
a6b6599956c5c46c.jpg,healthy
aacedff0d881c189.jpg,rust
a9aa4dd26e8fc0cc.jpg,frog_eye_leaf_spot
f4a1439d1e3071b7.jpg,frog_eye_leaf_spot complex
cf94c4c2393c73ca.jpg,frog_eye_leaf_spot
a7d2a3c2cab51f30.jpg,healthy
d03fcce03447353e.jpg,scab
ee80c6c08aef9c4f.jpg,scab
9414b26503ce97bf.jpg,scab frog_eye_leaf_spot
9e86de42723231bd.jpg,rust
b592b79548186c7b.jpg,scab
9472e4d782deb192.jpg,rust
dbe1c32a2d153e2c.jpg,complex
afaeca8d64ce90a4.jpg,scab
d2c9d57a0d626563.jpg,scab
aac0d5128ebaaeab.jpg,rust
f1c101833b377be2.jpg,frog_eye_leaf_spot
d7a72ce0c0eacb49.jpg,scab
95ea25d4bbf87900.jpg,scab
dc4426b24bb1df98.jpg,frog_eye_leaf_spot
d9df5ad2c9918489.jpg,scab
929a0b0d499dbea7.jpg,scab
e4a55870fc9f1394.jpg,healthy
9507976774e01d1d.jpg,healthy
b4c1d8ca0d7eee30.jpg,healthy
aa4ec09174ef58d3.jpg,healthy
f0bcdac7e03516d0.jpg,frog_eye_leaf_spot
cad266c5af39a832.jpg,healthy
be6dd6c0ded88508.jpg,healthy
f0e4c792b6d2924b.jpg,complex
c0a020df9b3eded8.jpg,healthy
d8980c8e2ce7f762.jpg,complex
ff910611cff94303.jpg,rust
9409f44567703b3f.jpg,rust
b87021db3bcd3564.jpg,rust
da0c77d1c00bfcc3.jpg,healthy
e1e422dd525277ac.jpg,powdery_mildew complex
f5c487a8e3aa42ba.jpg,healthy
aab3d2b598d2e858.jpg,rust
95e1c532353bc38d.jpg,frog_eye_leaf_spot
a3a9f195cf8a8d14.jpg,frog_eye_leaf_spot
c13f9bc1e8808f37.jpg,scab
dfc883689f01cf31.jpg,frog_eye_leaf_spot complex
a0304ff9fc1f4b60.jpg,healthy
e32938df4d780ea4.jpg,powdery_mildew
d7707b87601e9721.jpg,healthy
c9853ff5d0c147a4.jpg,scab
a781d2eb61a5b698.jpg,healthy
9217c53da18de1ae.jpg,healthy
b66292b64a9a74da.jpg,healthy
af23b07f32793508.jpg,scab
f8bda700f2fc0607.jpg,frog_eye_leaf_spot
ae51f5f34a251b21.jpg,healthy
e0b2d2a93984bd97.jpg,frog_eye_leaf_spot
b662d2e7cc38e4e0.jpg,scab frog_eye_leaf_spot
fd289d97492b2127.jpg,frog_eye_leaf_spot
c89d4e085fbe7470.jpg,scab
d5e8bad0b9381e94.jpg,scab
95a1679535d29f30.jpg,healthy
e87f6a7584710473.jpg,rust
baacd8f0f29a7061.jpg,rust
a9fe97258ad388d0.jpg,frog_eye_leaf_spot
b3e58f864c3d306a.jpg,frog_eye_leaf_spot
a1c7863c17f14759.jpg,frog_eye_leaf_spot
9734517c93495e63.jpg,complex
855b356b9174a9aa.jpg,scab
fce3c0b7381a32e8.jpg,complex
f0daf0c0828f9f0f.jpg,scab
a7bd1e197065a2c6.jpg,complex
f21e80e56bc761b8.jpg,scab
9185e58ff11ed158.jpg,scab
f455c0790fa67c0e.jpg,rust
d0c821fcd1f5d30d.jpg,scab
b63fc9cc688ee2c0.jpg,frog_eye_leaf_spot
ee003ef59486acb6.jpg,complex
e1b0c1bc9fcf3105.jpg,healthy
d4ec6790299925f5.jpg,rust
c6c7ead3888a99a5.jpg,scab
cb5f3b6099dc1423.jpg,scab
f5bfe1bd411cc280.jpg,frog_eye_leaf_spot
a97e8194db985a99.jpg,frog_eye_leaf_spot complex
d973c60c3961c2cf.jpg,complex
a1d2b7d02ad45cad.jpg,healthy
f5bbe1989b3901c4.jpg,complex
cac6ea04884cff7c.jpg,scab
983f66d9382446cf.jpg,powdery_mildew
eacf27a45015cb3a.jpg,healthy
c0b4778ba7de3e00.jpg,scab
b0791fdf173198a0.jpg,healthy
c0f03dc8ba695a7c.jpg,scab
faabc9c5093d0db0.jpg,frog_eye_leaf_spot
adc7d5c3cb456029.jpg,scab frog_eye_leaf_spot
b600c9f06eb362cf.jpg,powdery_mildew
cf83b242682eae3d.jpg,rust
8181321fe6f2cf27.jpg,frog_eye_leaf_spot
c66c0f0ddc7f3141.jpg,healthy
b4facb596881322f.jpg,scab
96507e7595ea2954.jpg,rust
af3cd6955a998909.jpg,scab
f584c0c8c5e497b7.jpg,healthy
a52bdfd2504b0cbc.jpg,complex
f06d6b829f1568c9.jpg,rust
e0c0aad0efd08fe3.jpg,scab frog_eye_leaf_spot
89cb83b03f3c60cf.jpg,rust
e5909e47616339b9.jpg,complex
c476c9ca6f302793.jpg,healthy
95c71dc0cffa050e.jpg,complex
f9c4d9c0dd81e495.jpg,scab
86c8358db7d560ad.jpg,healthy
a8cd492386bb4af3.jpg,scab frog_eye_leaf_spot
bc8a0d9e0f90e85f.jpg,powdery_mildew
f899e1574f9a1063.jpg,complex
d2d8c79fcc041e78.jpg,healthy
a57abed01897c916.jpg,scab
aee3204d3d393e34.jpg,scab
a9dfd099c7f007a0.jpg,healthy
abb6d1b68080afd3.jpg,scab
de81defbc0516512.jpg,frog_eye_leaf_spot
f9c2db6d940720f4.jpg,scab
800f85dc5f407aef.jpg,rust
b512dae909d6d4d4.jpg,healthy
fdb780c19f091f09.jpg,scab
ad2bd48aa8e517b4.jpg,healthy
b460d0facd1e2d1b.jpg,healthy
848e3ebfc16fc844.jpg,frog_eye_leaf_spot
b04dd238ddb254d5.jpg,healthy
f0f80cc1788e71bd.jpg,healthy
92e4c4964f8f370d.jpg,healthy
b09ec0cdeae53a25.jpg,scab
9f1e69d6e08aa2c5.jpg,frog_eye_leaf_spot
def76a9002058be7.jpg,powdery_mildew
f781e82697b60273.jpg,scab frog_eye_leaf_spot complex
cd2b3ceaf41c6a14.jpg,healthy
f0bd9f01383ee348.jpg,healthy
e0c31fbf08307d0f.jpg,frog_eye_leaf_spot
b01fc36dcf2148f2.jpg,scab frog_eye_leaf_spot complex
ac909f1b4e867e46.jpg,complex
d14a26bccd72a627.jpg,powdery_mildew
d0a624da352cd67b.jpg,scab
fcf1939f1d1850e0.jpg,scab
c0df29ce91d73950.jpg,scab
bfd5c3aa200f33e0.jpg,scab
c03f2ce63cca91c7.jpg,frog_eye_leaf_spot
adb3d7ec0d253c02.jpg,scab
e4c81ce55c27dec1.jpg,healthy
b4a19abc8af985d1.jpg,frog_eye_leaf_spot complex
bad6cdcbc493a064.jpg,rust
c03afb8149b1d9ec.jpg,scab
80d32f977a83d0ea.jpg,complex
d51a7bf815ca60e4.jpg,frog_eye_leaf_spot
b497cbde944c1a62.jpg,healthy
bab5924a156d9ec8.jpg,scab
fc248e8e9fe03075.jpg,scab frog_eye_leaf_spot
dd28c8d8bcf8a90b.jpg,rust
df38618b63c0c375.jpg,healthy
c3746b963742c387.jpg,rust
f588106b4a037f77.jpg,healthy
e074887f0a0afafa.jpg,frog_eye_leaf_spot
fcb820c81d15b72f.jpg,healthy
819ccb788637f0d3.jpg,scab
a03f995a9b884f9c.jpg,complex
cd9233e52ae427a6.jpg,healthy
e5a1822ffe52f0a1.jpg,healthy
e09e9e96a72aa21b.jpg,scab
eb1ad078c170c7b5.jpg,scab
d9acd2b5e86b3481.jpg,healthy
c11ed1da2d633e61.jpg,powdery_mildew
c0833bfd3c7c2839.jpg,scab
bf8675ba02798730.jpg,scab
d649dab10b73b065.jpg,frog_eye_leaf_spot
a7bc93c68c2a1cea.jpg,frog_eye_leaf_spot
a53ac6a4da57e198.jpg,healthy
b801305b6a656fe7.jpg,scab
b5d079ed1c2426e5.jpg,frog_eye_leaf_spot
c67c2c1e8362d766.jpg,scab
967b689242d493f5.jpg,healthy
e9d34f92633706a1.jpg,scab frog_eye_leaf_spot
978038f973a1e366.jpg,frog_eye_leaf_spot
8bf8dc40ec70a4fa.jpg,healthy
d4379cde420c4f33.jpg,frog_eye_leaf_spot
f5159b2b2df1206a.jpg,complex
98f47cc5459e2e98.jpg,scab
aaa9d194cbd69ac8.jpg,healthy
f078a3f187c18ba9.jpg,healthy
e35c15309c9f32cb.jpg,scab
f00699f21c1e8eeb.jpg,scab
f0fd90185af1aaa9.jpg,healthy
f61b86391ccb1ec4.jpg,frog_eye_leaf_spot
8d93735ada92342e.jpg,powdery_mildew
88217ddaba74dac8.jpg,rust
98ba1a557464cdb5.jpg,healthy
a5eeb294c45f2827.jpg,rust frog_eye_leaf_spot
b88cd081474b9aff.jpg,scab
9d7be083970272ce.jpg,scab
ff60e3b0c1638ae2.jpg,scab
e9a494309f82dadd.jpg,scab
84cb3a362cced993.jpg,healthy
86fc580d66c66bd4.jpg,scab
bfa4908495c69b97.jpg,rust frog_eye_leaf_spot
c2c21ebef0cdc531.jpg,healthy
d4177d97aa0c99a8.jpg,scab
ada7c018c23be975.jpg,scab frog_eye_leaf_spot
ec9f40a0e64d1f66.jpg,healthy
e8431c3bb37b8711.jpg,healthy
beb70fc360e0f038.jpg,scab
e9a1d3d81b707532.jpg,scab frog_eye_leaf_spot
a9dc815a27b67626.jpg,scab
c00ffc18bd1ce36c.jpg,scab
eaa19df7900ebac0.jpg,frog_eye_leaf_spot
b44a0e3adde10d1f.jpg,frog_eye_leaf_spot
e1afdf604b2ea2c0.jpg,rust
83b125f6948bf61c.jpg,frog_eye_leaf_spot
8347d2cc8ac2977d.jpg,scab
ffbe2f800823d037.jpg,scab
cd9cd3f8a1302637.jpg,scab
b8aa92b233e1cc5d.jpg,complex
8b7ef0421e19ae5a.jpg,rust
cc2e3f9750561c2e.jpg,scab
a8bd7e787080ed85.jpg,frog_eye_leaf_spot
cf9cc993c3d32581.jpg,rust
e0cd96d84bb2eb42.jpg,healthy
cddd20c43963ce2e.jpg,frog_eye_leaf_spot
f5f185a383e40ae6.jpg,rust
a0b01bcf6c3c9df0.jpg,scab frog_eye_leaf_spot
9deb1b81c42b4576.jpg,scab
d02a31ff24fba603.jpg,powdery_mildew
fa8ba427c60acf29.jpg,frog_eye_leaf_spot
96b4b5b5615d4962.jpg,healthy
849a8d127bfaeb21.jpg,rust
ff329bc1af3820b0.jpg,frog_eye_leaf_spot
868d7c3ab5c545a6.jpg,frog_eye_leaf_spot
f252928b5fb528b2.jpg,frog_eye_leaf_spot
8ed56dd8b2c1c15a.jpg,healthy
ffb7de908858884a.jpg,rust
d4c6e8c2880bcf7d.jpg,healthy
fc8dc0c1179f545a.jpg,scab
a86b3a2ee587a50b.jpg,rust
ecc5c597cd1ac01b.jpg,scab
a6a6174ea52ca55e.jpg,healthy
f9f0c188506dba57.jpg,healthy
e197dc606d6ae843.jpg,healthy
a2d96f930deb84e0.jpg,healthy
a8a08deadc47d9ca.jpg,frog_eye_leaf_spot
f57062ca4abd9474.jpg,healthy
c02dbf9f433028fa.jpg,rust complex
a4a9d2b44df82ce9.jpg,frog_eye_leaf_spot
c0ec8f7f06257a38.jpg,scab
af5a31d2ca953332.jpg,healthy
c40ff130b7e9d885.jpg,scab
d0f9cfa045d33349.jpg,complex
fad234cd112ad8d5.jpg,complex
a5d265aae9b64836.jpg,frog_eye_leaf_spot
b47199950ddf268c.jpg,healthy
d0e3614b07a8faf4.jpg,healthy
d1a7d2e6bc644a13.jpg,rust
ed72c432a99ac92d.jpg,frog_eye_leaf_spot
cc66388e63b1cc37.jpg,frog_eye_leaf_spot
d2dd998698a7ec60.jpg,scab
a08795b81fd0be93.jpg,healthy
e1c1478f9cdd522a.jpg,frog_eye_leaf_spot
fced420fd88f8e80.jpg,healthy
dbba615b96d032c8.jpg,healthy
9ad52bd241ba855e.jpg,scab
b594d286ddcfc0c8.jpg,healthy
c0b175c783bb6f08.jpg,rust
b1711ad0e56e0f0f.jpg,complex
c7e003797e7e3482.jpg,healthy
c1a07d04b09eff8d.jpg,frog_eye_leaf_spot
baf181839e6a4a6d.jpg,scab
b298cda08f675e26.jpg,frog_eye_leaf_spot
a592ba09f2d7532a.jpg,powdery_mildew
c48a3ed0871fe89e.jpg,scab
80939571de62d5b6.jpg,frog_eye_leaf_spot
ec5cc24ed65d44a5.jpg,healthy
c0f4e8870cdcaff0.jpg,scab
85e269f2ca36761c.jpg,powdery_mildew
a5d449e56c83b29d.jpg,rust
f191bc66cd8f8a82.jpg,frog_eye_leaf_spot
d28962d6caf65495.jpg,scab
da04f131e63b933a.jpg,powdery_mildew
bf94d4ab3466c294.jpg,rust
cf683615876164f6.jpg,powdery_mildew
fd05b53c117bc24a.jpg,healthy
abee95ec90943916.jpg,rust
9fd0e6e39041e897.jpg,powdery_mildew
f0cad26ccca8e8b3.jpg,frog_eye_leaf_spot
a57c8e8412fecf12.jpg,scab
c989bf8466367c38.jpg,frog_eye_leaf_spot
9c5a2de3a45a9729.jpg,scab
fc3c93c923967303.jpg,rust
b526cb78adcb3805.jpg,scab
c21f23da05de2a2f.jpg,scab
e5672506b13c3d59.jpg,scab
e09db8a3eecc22c5.jpg,healthy
cc9e079032bdb1cd.jpg,rust frog_eye_leaf_spot
f087971601ffc915.jpg,healthy
c2f6b6d0cad22a2b.jpg,scab
bc07871f1e6a6561.jpg,rust
fff094a1d85289a5.jpg,powdery_mildew complex
c8a6fa9fd055446a.jpg,scab
c47bc0a107973f5c.jpg,scab
b28352ee9658ab3c.jpg,frog_eye_leaf_spot
ffdef27b820081c4.jpg,complex
a59d4c9364e99e54.jpg,healthy
a4d1cecd9838b273.jpg,complex
d26286cd1f9f22e4.jpg,frog_eye_leaf_spot
d28d297a75923396.jpg,healthy
ff8043a7860f879c.jpg,scab
b9e8f2950a194f35.jpg,complex
ef842034d2fec791.jpg,healthy
f037c831ecf2648b.jpg,scab
a650c509377f72a6.jpg,frog_eye_leaf_spot
83e163c3c17a1f39.jpg,healthy
f80c362713f4533d.jpg,powdery_mildew
b018ce6571fc6399.jpg,frog_eye_leaf_spot complex
dbe6c1f60cf81f00.jpg,powdery_mildew
dfe03bbf63030702.jpg,complex
81bf24c79372651d.jpg,scab
fdfd92dac009c055.jpg,scab
c09dc29f8e7c9ec0.jpg,healthy
a4fa47cf6038ab19.jpg,frog_eye_leaf_spot
803e3bd17a16e65c.jpg,complex
aaeac6c1cdab0a9a.jpg,complex
c79c0e037f0f383c.jpg,scab
a49b201e8b3e4b3f.jpg,healthy
8021b94d437eb7d3.jpg,healthy
cef01d9f13380a3d.jpg,frog_eye_leaf_spot
e16520b6bf50561f.jpg,scab
a0a2c5d64f6cfa68.jpg,healthy
ade010c53f15f794.jpg,complex
fd28c24e8abe306d.jpg,healthy
a03b9da0d29aedb2.jpg,healthy
95a921b75e401afe.jpg,rust
cbf85b9fc001ca53.jpg,scab
faa0c04787bfe6c0.jpg,frog_eye_leaf_spot
d2cf7ab25023870f.jpg,scab
d8b4b4f49aed9602.jpg,frog_eye_leaf_spot
9d4c3612c3cb665b.jpg,complex
c7820991322fe5bf.jpg,scab
fde287a78e9c4850.jpg,healthy
c7aab5d69b84c285.jpg,scab
e0f3d6b8825604fb.jpg,scab
cfb54e1b11de221c.jpg,healthy
fad5d4a45e45284b.jpg,healthy
fcd5c081c48fbde0.jpg,rust
eaa7c001157ffa0e.jpg,complex
9cf960956f1724b8.jpg,scab
f758af92944f9282.jpg,healthy
8791c68b1e4f2f16.jpg,scab
84f60a857fb26bc1.jpg,healthy
ca903be980fe960f.jpg,frog_eye_leaf_spot
aaa555a5aaabb292.jpg,scab
dbc9b838d9c44d94.jpg,scab
c14d942b7ab97d82.jpg,healthy
a6b0deeb1c0fe980.jpg,scab
ce13fc4a586b8ce4.jpg,rust complex
a9b61b807a1a79ae.jpg,scab
958a3e3fc16596c2.jpg,complex
fab6c199830ce1f8.jpg,complex
e8ffc10087702e3f.jpg,scab frog_eye_leaf_spot
ac55ead5d6a80e83.jpg,healthy
ef30e1849fd6c48c.jpg,scab frog_eye_leaf_spot
f1add396a9925c50.jpg,rust
daec692603ccbe62.jpg,healthy
dec2c0ec76393a31.jpg,powdery_mildew
bc60d3c3a4d58976.jpg,frog_eye_leaf_spot
c3b555e0aed194cc.jpg,complex
afa074d04a8d25df.jpg,healthy
c6526ad895a91e5e.jpg,powdery_mildew
b56df0e2c98a4b0b.jpg,complex
a1d5d5cacac0ced8.jpg,scab
bd64963e82b22ed2.jpg,frog_eye_leaf_spot
c9f5217c4562af34.jpg,scab
b486d29ce39d7924.jpg,scab
da882dcd946bc374.jpg,frog_eye_leaf_spot
e2ddf95e8c6830c2.jpg,frog_eye_leaf_spot
8335e5c34fc217b8.jpg,frog_eye_leaf_spot
8f83c2ee646433e3.jpg,healthy
8dd8e6ce1eb28493.jpg,powdery_mildew
91e473e8f8d4f0d0.jpg,scab frog_eye_leaf_spot
b0bfc17539984e86.jpg,complex
e48e829a29b57b17.jpg,frog_eye_leaf_spot
efd88db0c48a7474.jpg,rust frog_eye_leaf_spot
911e91388fcb8c7b.jpg,frog_eye_leaf_spot
a0a99ce57b4e616c.jpg,rust
84e6b7af0f070ed0.jpg,complex
e22b4dcd57507711.jpg,frog_eye_leaf_spot
ecdd8c9a3d713224.jpg,complex
be835663ec406a79.jpg,frog_eye_leaf_spot
c641ff03ddb0c8c3.jpg,powdery_mildew
a86b85b58d92d4cb.jpg,frog_eye_leaf_spot
f1f01dbfc26496a0.jpg,scab
84f2e6485b0f5b5a.jpg,healthy
d34a6fa51e8e8994.jpg,complex
f0f496aa581b2b93.jpg,healthy
aa1bf01791ab8f83.jpg,healthy
ae92ccbfcc38c838.jpg,rust complex
dc84c480cffa2c7d.jpg,scab
dcdf3c3166d22524.jpg,rust
b065cd9acab57b01.jpg,frog_eye_leaf_spot
922d7cbc631ec31a.jpg,frog_eye_leaf_spot
c8ce8d2f1de23dc0.jpg,healthy
b09a52831fa10bff.jpg,healthy
8d2020edbfbd9307.jpg,scab
c713d67b186f604c.jpg,frog_eye_leaf_spot
f5506f08f4a74297.jpg,frog_eye_leaf_spot
be95969a8a491c6d.jpg,scab
8f2a17c7cb4499e4.jpg,scab
eda4e5829a7f8055.jpg,frog_eye_leaf_spot
93ca66845df1b623.jpg,healthy
b7904d3eb61c0cda.jpg,rust
bc3f8bc0c2c92f86.jpg,frog_eye_leaf_spot
ca6f25823592359f.jpg,scab frog_eye_leaf_spot
c48ee9edc5b73018.jpg,powdery_mildew
bdbab822d02ec81f.jpg,scab
d1aacfbe1870059e.jpg,healthy
b20f9fb9f8383070.jpg,frog_eye_leaf_spot
b2999b69da846d98.jpg,healthy
a4f2d4ad6c696472.jpg,scab frog_eye_leaf_spot
b2b3897aac4f2394.jpg,scab
da9bcaa9a6d088c7.jpg,healthy
b486cd89071fe25b.jpg,rust
aaeccacd9a909d8a.jpg,frog_eye_leaf_spot
c7f54082cf2d64ba.jpg,scab
c8c1c6bb67063b71.jpg,scab
87d48901edcfc3c3.jpg,complex
8bb3538e387d5099.jpg,scab
bceae0c14b3b6a32.jpg,powdery_mildew
85eaeb15a8a55257.jpg,complex
ce1c2dac3192c737.jpg,healthy
81ef1bc2e12da36a.jpg,scab frog_eye_leaf_spot complex
d4e8c6d7319e1334.jpg,rust complex
8d642cc06b8fe78b.jpg,scab
f169c4968dc25b8d.jpg,healthy
fdb5c08b16342d71.jpg,complex
bf36c6426a8e1359.jpg,rust
e11f36fe5940c8cc.jpg,scab
fd848bc5cac98535.jpg,frog_eye_leaf_spot
daec7180c12f4b9e.jpg,scab
c1ed7d95fc019423.jpg,frog_eye_leaf_spot
95f78b2b187530d8.jpg,frog_eye_leaf_spot
84f3ca39a79d4354.jpg,frog_eye_leaf_spot
eaa9138b03edc336.jpg,healthy
fda5b5458a960f84.jpg,healthy
d44a94353a5337ab.jpg,healthy
a9c3c6a5c9a6ddc0.jpg,healthy
f0cb859beb1b30c1.jpg,scab
97b896d0ae85f48c.jpg,scab
dee9c0713b896075.jpg,rust
a4a0b4d39747db43.jpg,complex
e4e1c35e1e893656.jpg,healthy
b88ddbdd32ad600a.jpg,scab frog_eye_leaf_spot
e5e01592f030eebb.jpg,rust
c2e666b5909ced89.jpg,scab
bff6b15ac248ab02.jpg,scab
ba91919fda5f00f0.jpg,rust
a49cfa0ccc9e9a2b.jpg,scab
d2c92a35058b97bd.jpg,powdery_mildew
8ea5d29aeca916c9.jpg,powdery_mildew
cdec8ff00673cc88.jpg,scab
b40b87834a4fdb2e.jpg,healthy
dcaa630f9ef0921a.jpg,frog_eye_leaf_spot
c0d298a9dace33b9.jpg,healthy
f05b875783b7e102.jpg,healthy
bcad27d4c831d48b.jpg,scab
fb3fd5c08210d2c7.jpg,frog_eye_leaf_spot
95958f9e6348629e.jpg,healthy
f1bda9c9c98dad00.jpg,scab
b7cdc393c29cd218.jpg,rust
dad43dead41f2214.jpg,scab
b4ef4b125c4901fd.jpg,healthy
e9e0c0c70f64fd38.jpg,frog_eye_leaf_spot
a341f89f3139d760.jpg,healthy
a54283eb3f3090f7.jpg,rust
94f070819b9abaed.jpg,scab frog_eye_leaf_spot
d5a492c9d2cf6a0e.jpg,frog_eye_leaf_spot
beecdfa52283048e.jpg,healthy
84329a65b5ee78f0.jpg,rust
dfb0ce81dc87401f.jpg,scab
d68bced0c0b0fb26.jpg,frog_eye_leaf_spot
a880db976aae7a54.jpg,complex
e4a99bc4619af668.jpg,frog_eye_leaf_spot
9616c3cfc5a0e731.jpg,scab
cda83f98426734d5.jpg,frog_eye_leaf_spot
e969c081c53d8fdc.jpg,powdery_mildew complex
b8c3d7bb086f300b.jpg,rust
bfa1db0d694d6221.jpg,healthy
b55be3cccd85051a.jpg,complex
b5d9d2ca4b3e01b4.jpg,healthy
ac604fda8e8d2979.jpg,powdery_mildew
fbd0c11f87821ce6.jpg,healthy
94c8b450b075eded.jpg,rust complex
d2896219cffd0e51.jpg,scab
fdbd17a08643a8c3.jpg,scab
f0339336244efcc5.jpg,complex
8b97c0348ce94ede.jpg,scab
e1181e017f2fe4f1.jpg,complex
b5b45a4a7b2f8069.jpg,healthy
83e3d2369933c5d2.jpg,scab
a9c5a102852fa77f.jpg,scab
f9ecc388d8517945.jpg,frog_eye_leaf_spot
82c13fd0b41f78f8.jpg,powdery_mildew
d8d398830be56be2.jpg,frog_eye_leaf_spot
860eeec66f368ac4.jpg,complex
adc01552eb5f7584.jpg,healthy
92f37ac388c2d8dc.jpg,frog_eye_leaf_spot
c5a5a5e1a083fad3.jpg,frog_eye_leaf_spot
8e87c18acf98b5b1.jpg,scab
9e176c685df204ba.jpg,healthy
d3a407fa4e23f09c.jpg,complex
fa8080b68a3f3cdd.jpg,frog_eye_leaf_spot
852b3dcb856652d5.jpg,healthy
c1f69fcdc460934c.jpg,healthy
c4b33c8070dee8db.jpg,scab
fda19ee020b6b652.jpg,frog_eye_leaf_spot
9c333e3700fe02eb.jpg,scab
fd49d0c0099e699f.jpg,healthy
e63d86c19ceec9c0.jpg,scab
f8b0f1a11a46347f.jpg,scab frog_eye_leaf_spot
d7d416427afd8191.jpg,healthy
aad1909795aba3b2.jpg,healthy
baa5c086079eaf59.jpg,scab
ed5407e803f4a9d5.jpg,scab
aaccd5a8bafa4512.jpg,healthy
ddf018193a3fa385.jpg,scab
c39e6fbe8160da44.jpg,scab
ab5265bd8e1a9551.jpg,healthy
cab5cab54598b2d4.jpg,frog_eye_leaf_spot
c0dec0291fbf0f07.jpg,scab
b2e28b93e4e06c9b.jpg,rust
b3b131c9e0279cd6.jpg,rust
d8dc0f0e42f6632d.jpg,powdery_mildew
8cda19a8392f24bf.jpg,frog_eye_leaf_spot
d2b41f53696d2c4a.jpg,frog_eye_leaf_spot
a065c7a60d07e7ec.jpg,frog_eye_leaf_spot
ace09ace0d38b2f3.jpg,scab
b99380f686a69e53.jpg,frog_eye_leaf_spot
f01be0206c65fc7e.jpg,frog_eye_leaf_spot
c598e7b4da156a85.jpg,scab
80ce88a60dfc33fb.jpg,frog_eye_leaf_spot
d0ca05f85f3bf0a8.jpg,scab
83f7381b7cace01c.jpg,healthy
fd87803e89c11f47.jpg,frog_eye_leaf_spot
a9bcb195d2121bba.jpg,healthy
e5e6d2dc9d0a0b51.jpg,frog_eye_leaf_spot
c0bcda4f1c8067f3.jpg,scab
f0c7c066c74e9764.jpg,frog_eye_leaf_spot
b2a1478e59eb3b05.jpg,complex
d59f72426e2613c3.jpg,rust
fca3c5528ed14999.jpg,healthy
b08f90cdcee4a707.jpg,scab
fc7984f0ca40fd0e.jpg,scab
e1c78e90f81b53e8.jpg,healthy
a846c2c24bc6dbdd.jpg,complex
8707b1d867e3788c.jpg,powdery_mildew
ace5c4bfdd0e2118.jpg,frog_eye_leaf_spot
a5ad479260d25df2.jpg,frog_eye_leaf_spot
a639cb9ab2dc21c6.jpg,healthy
96d88e1f6a9e4986.jpg,healthy
bf125b87c16b843c.jpg,healthy
b84e05ccaa9bb13b.jpg,healthy
ababc2d3da534a0a.jpg,healthy
a5da9ce1f0356307.jpg,frog_eye_leaf_spot
cff833939a8b02e2.jpg,complex
86b8c711e2de6dc4.jpg,scab
f24f28407a33673e.jpg,frog_eye_leaf_spot
de981a7f21d53303.jpg,frog_eye_leaf_spot
c7473f1aed4242d4.jpg,complex
cecd3eb083c45536.jpg,powdery_mildew
95cce242b7f4c466.jpg,frog_eye_leaf_spot
f2bc4761d9a5184b.jpg,scab
a7dacc7c0933d24c.jpg,scab
fa63c89f1d903583.jpg,scab frog_eye_leaf_spot
cb1f523283fb0179.jpg,frog_eye_leaf_spot
e1bf65ec0470cad1.jpg,scab
eac182f53373f083.jpg,healthy
bff49067832b8519.jpg,rust
f5b4d3ddf9400464.jpg,rust
c0c8096557bf725e.jpg,powdery_mildew
a18056abb64d9f96.jpg,frog_eye_leaf_spot
9dd9370b620d0ee3.jpg,healthy
ad3b246e94b550a7.jpg,healthy
ba5c278629b5ccb1.jpg,rust
a696c069e7a1da69.jpg,complex
c5fd266a99322563.jpg,rust
fbbec0c0052674dd.jpg,healthy
b9ebc0d1c6213abc.jpg,powdery_mildew
ceb53cc17cb898a8.jpg,frog_eye_leaf_spot
972cc9929ad6a5b2.jpg,scab
c997e01ad3acb1d8.jpg,frog_eye_leaf_spot
fb1fd2dd80617842.jpg,scab
d60134ff8201bafe.jpg,scab
b4b0d4f98a459da6.jpg,scab
b6d6db20e206998f.jpg,frog_eye_leaf_spot
d53b5a1c21ce4576.jpg,healthy
81a47739c906bda7.jpg,frog_eye_leaf_spot
94dc686b55ab2d52.jpg,rust
af52f7299a250a27.jpg,healthy
add3e48b11e8d694.jpg,scab
d4b9cbf09c3f8026.jpg,healthy
b815e17ac747078b.jpg,frog_eye_leaf_spot
a94383b2ad331f5c.jpg,scab
a3ebb2ab31622933.jpg,rust
b539ca5f5d691848.jpg,scab frog_eye_leaf_spot complex
aa19152955afc1ed.jpg,rust
f5e21d13363c1a17.jpg,powdery_mildew
819e1fd0933b4f43.jpg,rust
85897ea7f064b26a.jpg,complex
b4b5dbd69aa29910.jpg,scab
ee4e84354b93d4c9.jpg,scab
990e66955ed483a7.jpg,scab
ca9e36d874eb1245.jpg,scab frog_eye_leaf_spot
9a848f99794b5396.jpg,complex
82f4e39e8bbc3c50.jpg,scab
87d578ca8e0b5c39.jpg,scab frog_eye_leaf_spot
f753e295b894099c.jpg,healthy
a51e60ff4203ef61.jpg,frog_eye_leaf_spot
b57ac152cf958dc0.jpg,healthy
cd27ce297630c761.jpg,complex
a565fe3c8094c5f4.jpg,scab
d78523d681c3d1ea.jpg,rust
f50ec2de4d85255a.jpg,healthy
eeebd0c1d14183ad.jpg,complex
febcf402821ac13f.jpg,rust frog_eye_leaf_spot
ff0785078fc3548a.jpg,frog_eye_leaf_spot
a161cf93cecda28c.jpg,frog_eye_leaf_spot
9eb1f0c984e52dc6.jpg,scab frog_eye_leaf_spot
fd418d75ec1644b4.jpg,scab
c3b261d742bba0d5.jpg,scab
f078d760c22f8b8e.jpg,frog_eye_leaf_spot
81f5730f2b1c3731.jpg,rust
eb2be119883e8e2b.jpg,powdery_mildew
c51f3ab1d88e2c65.jpg,scab
a4a6c0fc4f983ea3.jpg,healthy
b2a74f7c31a0c897.jpg,frog_eye_leaf_spot
c0d91da6b3b891cd.jpg,healthy
dee870b57ae22492.jpg,scab
bad69b4d59253123.jpg,scab
fcd4c6ca1b786183.jpg,rust
f403f6847609665f.jpg,frog_eye_leaf_spot
b57dc03e015cbd85.jpg,scab
8da787583a388cfc.jpg,frog_eye_leaf_spot
9ea4e59f1209aeaa.jpg,frog_eye_leaf_spot
fe9ca00233723bd3.jpg,healthy
ca11aa188e47e777.jpg,scab
ed7394c162343f64.jpg,healthy
fec5cca42e3225d1.jpg,powdery_mildew
ff83c08387c694f2.jpg,scab
b696ae68d82b550d.jpg,scab frog_eye_leaf_spot complex
b9bfc0c9846c6cf0.jpg,powdery_mildew
a4e18aee3cad58aa.jpg,powdery_mildew
edda50958b8273ac.jpg,frog_eye_leaf_spot
e517bc1ec0b80dae.jpg,healthy
bed39e30619ca43a.jpg,rust
a96ad6979a939194.jpg,complex
e5b8749dc4269876.jpg,frog_eye_leaf_spot complex
a58f5a12c51ff1c1.jpg,healthy
c07ff0e7e6668188.jpg,healthy
81eec95c1ff22781.jpg,powdery_mildew
e3c1d21d8ecc6574.jpg,healthy
d5403124daaf9cde.jpg,scab
bd30da37d12bd580.jpg,healthy
ec5e86e2ee84283d.jpg,rust
f8f383016dfe1682.jpg,healthy
9a5936a247bc49e9.jpg,scab
d4226a952956afda.jpg,scab
d290346903ee3be7.jpg,scab
a1b794378047c73e.jpg,powdery_mildew
8d33bd82d3b08fa1.jpg,scab
b0fa91905f852e7c.jpg,frog_eye_leaf_spot
fc008749feeec740.jpg,healthy
c8c2359eca389be3.jpg,complex
a484dc48de92feb2.jpg,scab
af7197cb5ac96420.jpg,scab
8eb0da4b65b0638f.jpg,healthy
a5f886a4f70f02b9.jpg,scab
85afc6da8d8a0e99.jpg,scab
c39bacec48e8b8d4.jpg,scab
dfa33cc760e46268.jpg,scab
f5981cc463361a7e.jpg,rust
d1cdcb9a1b330b4a.jpg,scab frog_eye_leaf_spot complex
d2b2db99c945c44e.jpg,frog_eye_leaf_spot
e584489a6cbab26f.jpg,healthy
9b9079448919fa5f.jpg,healthy
ea01f3d49b327952.jpg,rust
fd2dc4504f8a689e.jpg,rust
cfc92c78b0b1a1cb.jpg,healthy
f50d611e056e44bf.jpg,rust
9e8df75c04c3507a.jpg,powdery_mildew
e24eb8804f9f568d.jpg,rust
f643c2641fa8ba95.jpg,rust
f07a976798070da6.jpg,healthy
b4d6d8c04db607b5.jpg,healthy
b5865e13f9a0bc07.jpg,rust
b085cbe40f463ef1.jpg,complex
ff87c4e01c13307e.jpg,scab
95385a2db0e79595.jpg,healthy
83fc76a134125e76.jpg,complex
fac9820b9f6a4527.jpg,healthy
f891d3fc12f7210c.jpg,healthy
e1ba80d41fc55ec5.jpg,healthy
b5b792c9c900c4f7.jpg,healthy
d6bd12ba03ad32d8.jpg,complex
f3a1039f7858ad83.jpg,healthy
fda0a7f5c008accb.jpg,scab frog_eye_leaf_spot
b5b54aea95952a26.jpg,frog_eye_leaf_spot
b090e776d625d427.jpg,complex
a5dec1984966f331.jpg,healthy
f539c724d36a9452.jpg,scab frog_eye_leaf_spot complex
da3d82601e653afc.jpg,scab
bc89a82718fc5f0e.jpg,frog_eye_leaf_spot
a085c59e9ff86f40.jpg,rust complex
ad93e0face381634.jpg,healthy
fd014f427ee2b807.jpg,frog_eye_leaf_spot
c0cf8b9899d591b3.jpg,frog_eye_leaf_spot
8437f01fd3d20f26.jpg,rust
90df66a17f502e13.jpg,complex
e0c0d55eceecc26c.jpg,healthy
e2c88ea3f155399c.jpg,healthy
edc99ea5f00e2332.jpg,powdery_mildew
9c6542de9c15e1e5.jpg,frog_eye_leaf_spot complex
d5de00ca7f8492e5.jpg,scab
a84b95bc1a526d4f.jpg,scab
9a969343e96d6169.jpg,frog_eye_leaf_spot
d56223830f7703cf.jpg,frog_eye_leaf_spot
deef9a7818684187.jpg,healthy
a564f35bdc6c5602.jpg,healthy
e01e42d90c66f3f3.jpg,complex
c3e5c59552c77066.jpg,scab
f891839e8f342e72.jpg,scab frog_eye_leaf_spot
dfcd6038805c7f91.jpg,scab
c33e7a3cedb480c1.jpg,scab
c0853c9fcb0bc7b2.jpg,rust
8dd4bca9ca56be80.jpg,scab
c4c02b2c0a3bbf5f.jpg,scab
e0369bc15ee04dba.jpg,frog_eye_leaf_spot
a56af43d3cb0a296.jpg,rust
e8d5975c822aae2d.jpg,healthy
8b64cb452d2f2673.jpg,scab
bdda746048d3da38.jpg,powdery_mildew
ab83c0d147c3db66.jpg,rust
8ae697e621956571.jpg,rust
d58a601ee7dce438.jpg,frog_eye_leaf_spot
9d7238c8a50b4ef5.jpg,rust
f48787c26d35a272.jpg,healthy
d6b636d2096d6c2c.jpg,complex
a8d5f0d0c11fc89f.jpg,frog_eye_leaf_spot
d197c19af84bee80.jpg,rust
b0f5970d394c6972.jpg,healthy
b2c1c3edcd1174a9.jpg,frog_eye_leaf_spot
ed68ecfad8416843.jpg,rust
cf7891ca13dbe980.jpg,healthy
942d5a2933b7e8d8.jpg,rust
978f69da2208eb93.jpg,powdery_mildew
d01f5059f4ed5538.jpg,powdery_mildew
a7eefea553092148.jpg,healthy
ec83c7c04a1e9db9.jpg,rust
a8e285c695ceea6c.jpg,scab
e59b1b74d4250ae9.jpg,frog_eye_leaf_spot
ecdec4309c61fc07.jpg,scab
8dcf253899ed6324.jpg,powdery_mildew
eb4f87a188b05db4.jpg,healthy
9ed57bc0a10f8327.jpg,scab
e08085ba7b3333be.jpg,scab
e0ca752b3ea47332.jpg,healthy
9ae2d58b6cee05a2.jpg,scab
fe339ee1038c07ac.jpg,healthy
e157d0703fc3e09c.jpg,rust
f0b5d25b6a33a861.jpg,frog_eye_leaf_spot
fe2fa00f6fa44622.jpg,frog_eye_leaf_spot
80decb70b3295bb2.jpg,healthy
e5319c4b1ce90d5e.jpg,scab
fc3cd01d8f281e55.jpg,healthy
e5f296b988c98c27.jpg,frog_eye_leaf_spot
aa93974bea296195.jpg,healthy
e7c298d55c949c39.jpg,frog_eye_leaf_spot
e99a95cf1c606af0.jpg,rust
e9e8ad35c5871d06.jpg,rust
b86b027cc71ace39.jpg,complex
ad69d5918dd20baa.jpg,healthy
d1d5e28c1e0a6e97.jpg,frog_eye_leaf_spot
c9241964d0eddbd5.jpg,healthy
b4e7cf1af036042d.jpg,scab frog_eye_leaf_spot complex
8dfe3d95c06b40a9.jpg,scab
ee61e4a3c0176d5a.jpg,scab
ca121736cadbcb61.jpg,rust frog_eye_leaf_spot
a8eaa00dc9b59f3a.jpg,frog_eye_leaf_spot
bd3cc3dc0cd36093.jpg,complex
e11dc6a0bcfff100.jpg,healthy
a0c5d8d758ca3fb0.jpg,healthy
94b393b3b1e8a4ac.jpg,healthy
8de06bde6a48952d.jpg,scab
b5e08197d9d6859a.jpg,frog_eye_leaf_spot
feb391e50d25a524.jpg,scab frog_eye_leaf_spot complex
c3a5b173d1f00e5c.jpg,scab
9d4179607cb5cd25.jpg,scab
d07fe02dac1e1393.jpg,frog_eye_leaf_spot complex
bbe6e9c60c10e5b1.jpg,healthy
a5a14a65dfd7c20c.jpg,rust
cd3872109c36f5cb.jpg,healthy
d94e3ad8ae3ac870.jpg,rust
e3a90f126055e73e.jpg,healthy
b3ecab4516936499.jpg,scab frog_eye_leaf_spot
93e59b85a78a16aa.jpg,scab
a97bd52bfa077080.jpg,scab
f506c2b1ae623e4b.jpg,scab
c092878b8fdf6e28.jpg,healthy
8f5971c8983e296b.jpg,frog_eye_leaf_spot
fb91c09c5cd83de0.jpg,healthy
f8cf00c13e03537f.jpg,scab
ed9c8fc01ae4b334.jpg,healthy
c4c711f2b71e6c0d.jpg,complex
a8f1c1e35b525f12.jpg,healthy
901f0f64710fe0df.jpg,scab
c3831fb1387f44d4.jpg,healthy
f4c09f4ad3311be4.jpg,frog_eye_leaf_spot complex
8c94b4d7bb83194b.jpg,scab frog_eye_leaf_spot
a0a182f1cf1c579f.jpg,frog_eye_leaf_spot
94a99387cd1a2dd3.jpg,healthy
eb61e501ee9d26c8.jpg,healthy
fc17ca8dbdc83e00.jpg,healthy
da1bc2d29a137674.jpg,powdery_mildew
88c5914b9176b776.jpg,scab
c2ed7038c962db93.jpg,scab frog_eye_leaf_spot
c2ccaf86b8d9549a.jpg,complex
f0f1e9c860b03ad7.jpg,powdery_mildew
a484c39f9fd861d8.jpg,complex
e9dc9f288cc5508f.jpg,powdery_mildew
a6a984e5d2cf8b52.jpg,scab
e0b4a7c3e88e7332.jpg,frog_eye_leaf_spot
fa9cd2c8d6c79094.jpg,frog_eye_leaf_spot
d778c2d72c70821f.jpg,rust
d99e71e506232697.jpg,scab
909bc0ac0edbfd1c.jpg,healthy
9ef3b4d3d882018f.jpg,scab
ca9d1f92f95081e6.jpg,frog_eye_leaf_spot
80a7cecb3616b633.jpg,healthy
ea57873aa65304d3.jpg,scab frog_eye_leaf_spot
b463427db0d461cf.jpg,powdery_mildew
eeb481a75c3295b8.jpg,frog_eye_leaf_spot
f493cc8fcf061239.jpg,healthy
fe89eab04fd35012.jpg,complex
a5419e97334bcb64.jpg,frog_eye_leaf_spot
aaf693d63e786009.jpg,rust complex
c19de6e36e452a2a.jpg,powdery_mildew
f50afa7ad0351235.jpg,complex
e0909f5a9f239e26.jpg,scab frog_eye_leaf_spot
bc9ec3589f470a25.jpg,scab frog_eye_leaf_spot
b1b2b9c489171abb.jpg,scab
a800df0ad9578df3.jpg,frog_eye_leaf_spot
a942625fcb72e562.jpg,healthy
9949a537e019c2bf.jpg,healthy
85169ec9cce9a4a7.jpg,frog_eye_leaf_spot
a7b8d298fe1c21f0.jpg,scab
c3961dbd0bf4c521.jpg,rust
e95c4760cde49897.jpg,complex
80e0699f1d1b373d.jpg,rust
9f8ca42c51f95356.jpg,scab frog_eye_leaf_spot
a1b09b202df768de.jpg,frog_eye_leaf_spot
e0ca5e8cdf101cbb.jpg,frog_eye_leaf_spot
d0b487c76e8e3278.jpg,healthy
e087029f97b19ce9.jpg,frog_eye_leaf_spot
afe2b32c3a3c3981.jpg,frog_eye_leaf_spot
a2d2c2ca5ad55ea5.jpg,healthy
f4c8854a8a9e5f8d.jpg,healthy
f87cc166cf1ab2c0.jpg,scab
b435cafa2cca712c.jpg,healthy
d45bc4df1c25612d.jpg,healthy
fd9fc0887a8832ea.jpg,frog_eye_leaf_spot
b489cde76202f333.jpg,scab frog_eye_leaf_spot
9aa70dba24b96369.jpg,complex
aa9e90cec8b5ada1.jpg,healthy
83e55783c61d993a.jpg,scab
febe9a9207053358.jpg,scab
d8a312cbe4f2ad32.jpg,healthy
afc080cf5b3d79a0.jpg,scab frog_eye_leaf_spot complex
fab2c71f14191c9c.jpg,complex
90848dba978dbbe4.jpg,healthy
d2ad07897e60c9bc.jpg,powdery_mildew
dde42317b0c627e2.jpg,scab
e2a15e9fd864a916.jpg,scab
89bf2f7258719624.jpg,rust
b6f6eae593200b62.jpg,scab
ea8f60de4f608d15.jpg,healthy
a029cb9e39d913a7.jpg,scab
a4a4d676b72709f0.jpg,frog_eye_leaf_spot
ba84d297977c0359.jpg,frog_eye_leaf_spot
8f25789f673025ca.jpg,rust
8db66ac1950bcbb2.jpg,scab
9be57075a795428a.jpg,scab frog_eye_leaf_spot complex
dce08ccc7c003f6f.jpg,scab
e712b70ce21d4a1f.jpg,healthy
c5433ed6deda404a.jpg,scab
c2b79f82c04391bf.jpg,powdery_mildew
c0c75c137efdc221.jpg,complex
ffa0abc289cd0f09.jpg,scab
a564c234e5cd3e4d.jpg,complex
f1ec748841856ebb.jpg,healthy
9c8e3773c3901b65.jpg,rust
ff94d583988e490d.jpg,scab
e0fcb0ad54951c97.jpg,scab
c326e748de83971a.jpg,rust
a1a1d5a4cada586f.jpg,scab
90c9ff43a98a54ae.jpg,powdery_mildew complex
b0c8e054c665db7b.jpg,healthy
dc6b7a9d1596a025.jpg,rust
c51ecb25ccfa04d9.jpg,scab
f0869ea7c55ac83c.jpg,complex
e38c19a82ff16ae2.jpg,healthy
9fba239e1b31c149.jpg,complex
81ecf08e963e1f83.jpg,scab
d69adb49e94c00bd.jpg,scab
b625c78ac9af6582.jpg,scab
e6ec82e83f3238d1.jpg,powdery_mildew
fee9004d1f3d68a2.jpg,healthy
fd7cd268d2091d26.jpg,rust
bf24a55cca78ca51.jpg,scab
b2be91819167e0f9.jpg,scab
afffb45096109253.jpg,scab
c4212c57fe4273ec.jpg,scab
e3e28ac011bd372f.jpg,healthy
806f356a3f54872e.jpg,scab
c5e23f973c3530b0.jpg,frog_eye_leaf_spot
e8ac9c90d8ef0d35.jpg,healthy
f2e1c2115f3dbc28.jpg,scab
933d71cb1ea08d47.jpg,complex
8774bd86b996889a.jpg,rust
f981fc03df0b49a1.jpg,scab
fb24d2a0cf2acf90.jpg,healthy
b76f33828305db52.jpg,powdery_mildew
80ca8fea677591d1.jpg,scab frog_eye_leaf_spot
efce028787c34f84.jpg,healthy
abb452c1279b6696.jpg,scab
ea2ac700fe30785f.jpg,healthy
b4edcde0741f3510.jpg,healthy
8ab7cafa03db6105.jpg,healthy
dbcddab440b18356.jpg,powdery_mildew
c4ed06b4bbd92a52.jpg,scab frog_eye_leaf_spot
81effbd16a11e062.jpg,scab frog_eye_leaf_spot
d7ee131035cba0ad.jpg,healthy
aa297ce5e46e851a.jpg,rust
d9e17c541c9f30d2.jpg,scab
eacad448c8227db7.jpg,frog_eye_leaf_spot complex
e84eeece07852a0f.jpg,healthy
d582499614eefe15.jpg,scab
eeac26f6024e8e4b.jpg,frog_eye_leaf_spot
ec94841f722c656f.jpg,powdery_mildew
dd8e5821c3cb9396.jpg,complex
90878778fa11b7d2.jpg,frog_eye_leaf_spot
fcf48a8e0a725857.jpg,rust
d68b80c7bd36d036.jpg,rust
dfff461189732601.jpg,frog_eye_leaf_spot
a5e6c5be84285aad.jpg,scab frog_eye_leaf_spot complex
b6a596167d1a545a.jpg,rust
bf9ac0e9c6628633.jpg,complex
c19e23eba2484bf6.jpg,scab
ec9aa492ee01e43f.jpg,scab frog_eye_leaf_spot
c2969713135b39dc.jpg,powdery_mildew
c8be28c0355d9fb8.jpg,frog_eye_leaf_spot complex
d6b03acf781b6119.jpg,powdery_mildew
9ab47599c8d388e9.jpg,frog_eye_leaf_spot
d6f5a092758d2a56.jpg,frog_eye_leaf_spot
cfd9b1c23922e70c.jpg,healthy
f4b2d64141076a7f.jpg,frog_eye_leaf_spot
dadbb38611356354.jpg,rust
e5a59fcbcb890838.jpg,frog_eye_leaf_spot
eebe02cc97709d21.jpg,healthy
d0789fe3e89d0741.jpg,scab
c5d61ce9786a01d7.jpg,powdery_mildew
8573a5c2722e67b4.jpg,scab frog_eye_leaf_spot complex
a191cbc9ddac644e.jpg,complex
f587045ead6a15f0.jpg,healthy
d8d4b4ca17412f2f.jpg,scab
d8d1399b211a7b1b.jpg,scab
ab95b71a0b8154af.jpg,scab frog_eye_leaf_spot
8de3e321b1f96c03.jpg,powdery_mildew
af2d9468d8e552d4.jpg,healthy
c4c73e64c71ed843.jpg,powdery_mildew
b0b3079be85c3e85.jpg,scab
d51b0dc558de2a4b.jpg,healthy
819e2f789d61e1cc.jpg,scab
8b854dde304cfb64.jpg,frog_eye_leaf_spot
b7a9d7c93f207003.jpg,healthy
d13e46ad1706b9c9.jpg,complex
95575250487eed8b.jpg,healthy
a09ed3a5cfa44a66.jpg,scab
cf31c33df154a3c0.jpg,powdery_mildew
9f1ab4caf5c3904c.jpg,rust
879869f1e105eb47.jpg,frog_eye_leaf_spot
c47adb62e2ca823b.jpg,scab frog_eye_leaf_spot
f0f3d5970a1f0869.jpg,rust
c8fa8e8b9ab0b685.jpg,healthy
afb922ea9625f910.jpg,scab
949fcf6c2c649c4a.jpg,powdery_mildew
af5c1f91f272284a.jpg,healthy
a8f994459a0f077d.jpg,scab
fa5e87e2386c86c2.jpg,complex
946cddd7342d58a1.jpg,healthy
cfd07ae01b61b346.jpg,scab
cd5827b1f0733632.jpg,powdery_mildew
c97935761e150397.jpg,rust
fff9c005c2c738c2.jpg,healthy
dede496a0d012f0f.jpg,scab
816f6df104967aaa.jpg,frog_eye_leaf_spot
89d8ba3c28cde1f8.jpg,frog_eye_leaf_spot
b08743ba3ee3078e.jpg,scab
fbf4f18092936983.jpg,scab
dbf2525255a6a03e.jpg,scab
95584a3a9f25e55a.jpg,healthy
f69c896b31b14d61.jpg,rust
85f59fcc60bcc701.jpg,healthy
9af6d185bdc8660c.jpg,healthy
a0b295d2a96aedb4.jpg,healthy
d88f66e083ed0de8.jpg,scab
dd1f703673c05e30.jpg,healthy
fc9e9ed1320256e4.jpg,healthy
a5e5c0c0caed1f5a.jpg,rust
ba67b0623aad05d5.jpg,healthy
81ff35908a9ecf81.jpg,complex
d49c30f31fa12f68.jpg,scab
e38b8323da1e8fc2.jpg,rust
8e912ede243bd551.jpg,scab
d03fdd7489c0e887.jpg,healthy
e519b5c24a2bbc72.jpg,scab frog_eye_leaf_spot
c9edb789f2329902.jpg,rust
a0bdd5846289f5da.jpg,complex
c3c9843b930f169f.jpg,healthy
a7c892dd252cd2ae.jpg,scab
c8f994d30a730fc3.jpg,scab
ace7c948b3f056a4.jpg,rust
885e1bc6a3674eb1.jpg,rust
b8d0d32d6a704f65.jpg,rust frog_eye_leaf_spot
b5b39a09c9d8e4ca.jpg,healthy
aebad4c34a48cb4e.jpg,scab
8f2071c7987e86ea.jpg,healthy
d0b02a1ad0dd7b9e.jpg,rust
903c9f94cc961bcb.jpg,scab
ab51986b3e8de988.jpg,scab
969bc9cd44866f23.jpg,healthy
9190f1f9a0e969f8.jpg,scab
fc34d74acd4c0e86.jpg,frog_eye_leaf_spot
aaf08594ded6ca86.jpg,rust
f8ddc040d67b922b.jpg,scab
e556d2349fbaa288.jpg,scab frog_eye_leaf_spot complex
c1a3d2e619705abe.jpg,frog_eye_leaf_spot
febc8594df701106.jpg,healthy
8758b97e0ec568e2.jpg,rust
c73c1f7070838b9b.jpg,frog_eye_leaf_spot
e0f29d4f619c4e68.jpg,healthy
feb0b0208b5f89ae.jpg,rust
91d0d190ffb486b3.jpg,rust
84e8bcb5451d8f63.jpg,healthy
ab832728dbfd00f8.jpg,scab
f2b1c1c90d3d1e78.jpg,scab
c42fdc165d328df0.jpg,scab
f197d2cb17a60496.jpg,healthy
fdcae5ad06e032e0.jpg,scab
a55e25ca428ffc52.jpg,frog_eye_leaf_spot
fc4d3c26cb81dc0b.jpg,scab frog_eye_leaf_spot complex
d6bb3de226a5c908.jpg,powdery_mildew
8d873cc2143dfb1c.jpg,complex
cf2bdc3010b0f6d6.jpg,scab
ceadd0c5353aa962.jpg,complex
a4b58bd21c55f943.jpg,frog_eye_leaf_spot
d49742796cf0bb81.jpg,frog_eye_leaf_spot
db3972d3a7278244.jpg,scab
ec86ce8f19797250.jpg,healthy
83753b8a299f4794.jpg,scab
b59590bb295b21ab.jpg,healthy
a52786f6ca82e0f9.jpg,healthy
c50e9333695d3d64.jpg,complex
aa8794dec486e5b2.jpg,healthy
85ff3d29fa3a4050.jpg,scab
efa7c6930e18344d.jpg,rust
f5c1d6b74a9049ca.jpg,scab
f5f4434bebc54444.jpg,powdery_mildew
aa6f82e81f403d1f.jpg,complex
9bae271592e9e4c2.jpg,powdery_mildew
f81ee428bf92035e.jpg,complex
dd86d7c99ed80059.jpg,healthy
b4a4daae5864f926.jpg,healthy
a620d2cf791b655a.jpg,scab
c0c2202b0f7f7fe4.jpg,scab
9fd9a3c371fc0a80.jpg,frog_eye_leaf_spot
c3d387b05ab1db82.jpg,complex
b661744913fcd31c.jpg,scab
d3850dbe0064df5e.jpg,powdery_mildew
e0b628c23fb83579.jpg,rust frog_eye_leaf_spot
94b26d8dc50d69bc.jpg,healthy
e0c369127b26bd36.jpg,healthy
a4b696ea9e6149e2.jpg,scab
a5f092d8c06dcfe4.jpg,scab frog_eye_leaf_spot
8cace85a5555acbc.jpg,healthy
b0cea62d4d926bb1.jpg,frog_eye_leaf_spot
a48edf780f470f42.jpg,complex
85f8d6d2f88b710c.jpg,scab
d0a9d9c4ad7c3531.jpg,powdery_mildew
d5b995c761b00b33.jpg,healthy
c3ea3de0b503c237.jpg,scab
b58a89149eb0d779.jpg,scab
c54b2fb53ed6300a.jpg,scab
878a72fc1867cd32.jpg,powdery_mildew
aad5940a952f9eb8.jpg,healthy
ae9558e22c5a9b3c.jpg,healthy
a09a8bd89dc57ae4.jpg,scab
d315bc0ea87493c7.jpg,frog_eye_leaf_spot
8f6737815b2cd234.jpg,powdery_mildew
83a75e2de0cb984b.jpg,rust
dfeff4a88a901451.jpg,healthy
b4c79b9ae8e4190d.jpg,frog_eye_leaf_spot
b4a2d0adcb05abae.jpg,frog_eye_leaf_spot
95c1492bc83d7f8c.jpg,frog_eye_leaf_spot
c5e00b90f7dd8137.jpg,healthy
a0bd87dacf61aa21.jpg,scab
fe708516c8dc8adc.jpg,healthy
aad6ca1bcb296551.jpg,healthy
90e3f81747ee2495.jpg,complex
bd06b26a9c65945e.jpg,scab
c03f3e8392b0c9fa.jpg,scab
c4f8dc6ad40fca07.jpg,rust
fec3039cd2ae512a.jpg,scab frog_eye_leaf_spot
c03f47d51a54eae8.jpg,scab
d217da1dcd2a8d94.jpg,healthy
ce5b7057c3259c1c.jpg,healthy
d5971ead34c69892.jpg,frog_eye_leaf_spot
90a247f436fc097b.jpg,frog_eye_leaf_spot
9193d0a789233f3b.jpg,scab
85f16dde871c9a21.jpg,scab
9dd8c28cca8d99e9.jpg,scab
aace6c4515ea3cb4.jpg,frog_eye_leaf_spot
81b17182cf9327db.jpg,scab
e5c361c39f151e38.jpg,frog_eye_leaf_spot
e9c7156596850f1b.jpg,frog_eye_leaf_spot
fe94b191b02d8ae6.jpg,complex
f5e4c2f7849a8c91.jpg,healthy
c35dbb01ee0e24da.jpg,powdery_mildew
ab83d29f12732e70.jpg,frog_eye_leaf_spot complex
c820739d1e667fa2.jpg,scab
c8d60c2f5ca95c7a.jpg,healthy
af8314d0af2a7d29.jpg,complex
9770db4b490aeda4.jpg,healthy
d057c7c0fecf4038.jpg,scab
a13f87e591dfa108.jpg,scab
9cb97f87870407f0.jpg,healthy
8398363f163eda0e.jpg,frog_eye_leaf_spot
c5861f35c0dce725.jpg,healthy
f0a9effc40329790.jpg,frog_eye_leaf_spot
e0e0c48286afe7ed.jpg,healthy
83a65ed1d28e9d83.jpg,healthy
fcf3c49888bd92c8.jpg,rust
c1e068e15f4fb18d.jpg,powdery_mildew
d08bc189ef9cbd90.jpg,scab
aa35cbb2a54b62a5.jpg,complex
b5b92351794d0b4b.jpg,scab
e0fb93d14f6824b2.jpg,complex
bf6996b29bd71004.jpg,complex
ffa09c786f43c052.jpg,rust
b4d3d3c541d49ccc.jpg,powdery_mildew
a56e9295cda41765.jpg,scab
c13ac1d89f438ccf.jpg,scab
94823adddd55ae60.jpg,healthy
c783b3ca61cfc3c0.jpg,frog_eye_leaf_spot
f0c68bc61d812bfc.jpg,powdery_mildew
ad16c91be15586e9.jpg,rust
e4af7b827043b925.jpg,complex
d01599ef4b2d832d.jpg,scab
a0be96eb7830bd18.jpg,rust
a1c2faea525554f1.jpg,frog_eye_leaf_spot
a14c9f7661b53668.jpg,scab frog_eye_leaf_spot
ddb4bca0c9be6824.jpg,rust
bdfd94811a303ab3.jpg,healthy
835e2f81d03fe670.jpg,complex
d0fe91c042a1f5f6.jpg,healthy
ba92d23e9120ce77.jpg,scab
f59ac1c587cd190e.jpg,healthy
ea28d0d55c95743b.jpg,healthy
afa9c5cb2023f0f8.jpg,rust
8fe052170f4385fd.jpg,complex
a1ebe7085e765413.jpg,complex
de49678622fd2c4a.jpg,powdery_mildew
a0e388e61f9c5cb9.jpg,healthy
da0279d62ab7129d.jpg,frog_eye_leaf_spot
c0df0336b4707e65.jpg,healthy
86719431e3db5635.jpg,healthy
aa7dc0945e4eb5a4.jpg,rust
951c6b68c0d1b5ed.jpg,rust
c1f02d347eb2e03b.jpg,scab
ffcf0ac0b08871ec.jpg,healthy
97de6fbc504a9222.jpg,scab
b949069b3d65d45a.jpg,frog_eye_leaf_spot complex
d49692d6cba56661.jpg,healthy
ef35caf28dcd4084.jpg,frog_eye_leaf_spot
966d7adab021433e.jpg,healthy
aa25ca9edd116c0f.jpg,scab frog_eye_leaf_spot
decb693131273323.jpg,complex
e9c295cf9d328833.jpg,scab
cc91df3cc6303333.jpg,frog_eye_leaf_spot
e0b320f916dbc8ad.jpg,powdery_mildew
bde295cac8dd038c.jpg,scab
a1b494629b68ff0d.jpg,frog_eye_leaf_spot
9886c704f93a79b3.jpg,scab
a553d00d8a2cd77d.jpg,healthy
b4ba97508bd588e5.jpg,healthy
a01b5b3f1ce42756.jpg,scab frog_eye_leaf_spot
fb8e81d5d178382a.jpg,scab
cbd5861fb490338e.jpg,powdery_mildew
b090dbc1cd87683f.jpg,scab
f90fe2fccb58c201.jpg,scab
dd0a33c5c636c2e3.jpg,powdery_mildew
e0b24ee576e04f68.jpg,powdery_mildew complex
eeb1d57783246518.jpg,scab
bdd0901b0b73a5ec.jpg,rust
a92e9dc7d09c2955.jpg,rust
f15ec835feea08a0.jpg,healthy
abb3c0f68a4dbd08.jpg,scab
c1fc2e657b4a05b4.jpg,powdery_mildew
fff8e3b8c1d88300.jpg,healthy
ad247b77728c8619.jpg,powdery_mildew
99e945626073b7c5.jpg,scab
ee4c323209ea4df3.jpg,healthy
c0c3773f333a0f11.jpg,scab
d1da6378e5c3cc05.jpg,scab
f5719792e2c98a25.jpg,frog_eye_leaf_spot
a48cdb969552a6b5.jpg,healthy
aa8be10dc702c7f6.jpg,frog_eye_leaf_spot
dde28ec3cf565404.jpg,healthy
8d50bd56e5e075c8.jpg,scab
b4e4c31a50fb59c5.jpg,scab frog_eye_leaf_spot complex
ad2195f0cb40fc3b.jpg,scab
9ee390fd18622795.jpg,rust
8a1a97abda0b4a7a.jpg,frog_eye_leaf_spot
dc080c7fd461df34.jpg,scab frog_eye_leaf_spot complex
a9f6a5c29d959095.jpg,scab frog_eye_leaf_spot
ca7335da2c104adf.jpg,frog_eye_leaf_spot
957e6b8d31c42e58.jpg,healthy
d014ea850b9f07ef.jpg,healthy
c88f30fb361df141.jpg,powdery_mildew
f8f0be3e8c1a3454.jpg,scab
b3cf5b04c1e3a06b.jpg,scab
d99272da83e39685.jpg,healthy
8b2537f3a4cccaa4.jpg,scab
82ec9b372f852f18.jpg,healthy
c1ad27cde564cce0.jpg,scab
8e7e70a6878c1c79.jpg,healthy
8ac961c83fcf700f.jpg,frog_eye_leaf_spot
90ab34aa79735473.jpg,healthy
ea3f85e2d8c2598a.jpg,scab
83f6eb92b4a9a454.jpg,healthy
f5a99a94159ad256.jpg,healthy
d45994a5d94ea96a.jpg,rust
dcdff0fac0208237.jpg,scab
daaecb825076671a.jpg,rust complex
c77f8bc04a93b225.jpg,healthy
ef55bacde9c04580.jpg,complex
97a964c98d945f1c.jpg,scab
bd2201e9fce3c4e2.jpg,scab
e143438d836bd51f.jpg,healthy
a898958f5afee824.jpg,healthy
89bcd54ae4c4e4f4.jpg,frog_eye_leaf_spot
c888c0f3d322f36f.jpg,scab
fc2e32a505e5a978.jpg,scab
8bda9c2d9129d91d.jpg,frog_eye_leaf_spot
c0a0f677da565346.jpg,frog_eye_leaf_spot
cee0c403d80f7f1d.jpg,healthy
fc83583a81e397b1.jpg,frog_eye_leaf_spot
e511d31b8ce339c5.jpg,complex
a8e5b526f0aaeaa8.jpg,frog_eye_leaf_spot
b55ad27d69096568.jpg,frog_eye_leaf_spot
a387e73e38353c50.jpg,frog_eye_leaf_spot
ca4507b8ee31d81f.jpg,frog_eye_leaf_spot
ad32dea155d5aa05.jpg,rust
f7d233d11aa8496c.jpg,rust
a9d735c2a0c5f057.jpg,scab
a1fa72e822bc2997.jpg,rust
c13e7e62d79b1181.jpg,scab
d0c7793969c58716.jpg,healthy
e9e9c53e84652bc2.jpg,frog_eye_leaf_spot complex
c1ff0fe070c5298e.jpg,frog_eye_leaf_spot
f13a94d9ce49284f.jpg,rust
e80ec5c01fc717e3.jpg,healthy
d8dec0e1b572b8d0.jpg,scab
8e8752441dc7aecb.jpg,frog_eye_leaf_spot
be68c8958579ab29.jpg,healthy
a090d28f5fa895af.jpg,healthy
a295c76ace225ccb.jpg,complex
9bda896a2c98eba1.jpg,rust
e4eb82b033c31ade.jpg,frog_eye_leaf_spot
8efc207070f3b9c9.jpg,frog_eye_leaf_spot
95b34b89d005b4df.jpg,powdery_mildew
cd8d3235726223f5.jpg,healthy
93a7c1dd2fe04f20.jpg,healthy
c1de1e7dc01ed314.jpg,frog_eye_leaf_spot
e196d28e25fc38c9.jpg,healthy
ab8494c2ce6fa467.jpg,scab
eb8100abfd56157c.jpg,healthy
a89097fa5afb011b.jpg,healthy
f05ad49e5f0a0d4b.jpg,frog_eye_leaf_spot
be7ef6d45ac18401.jpg,complex
c5b420ff00b9fc2d.jpg,scab
